NAME_1;CountryCode;sub_region_gadm;;
andorra la vella;ad;andorra la vella;;
canillo;ad;canillo;;
encamp;ad;encamp;;
escaldes-engordany;ad;escaldes-engordany;;
la massana;ad;la massana;;
ordino;ad;ordino;;
sant julià de lòria;ad;sant julià de lòria;;
abu dhabi;ae;abu dhabi;;
ajman;ae;ajman;;
dubai;ae;dubai;;
fujairah;ae;fujairah;;
ras al-khaimah;ae;ras al-khaimah;;
sharjah;ae;sharjah;;
umm al-qaywayn;ae;umm al-qaywayn;;
badakhshan;af;badakhshan;;
badghis;af;badghis;;
baghlan;af;baghlan;;
balkh;af;balkh;;
bamyan;af;bamyan;;
daykundi;af;daykundi;;
farah;af;farah;;
faryab;af;faryab;;
ghazni;af;ghazni;;
ghor;af;ghor;;
hilmand;af;hilmand;;
hirat;af;hirat;;
jawzjan;af;jawzjan;;
kabul;af;kabul;;
kandahar;af;kandahar;;
kapisa;af;kapisa;;
khost;af;khost;;
kunar;af;kunar;;
kunduz;af;kunduz;;
laghman;af;laghman;;
logar;af;logar;;
nangarhar;af;nangarhar;;
nimroz;af;nimroz;;
nuristan;af;nuristan;;
paktika;af;paktika;;
paktya;af;paktya;;
panjshir;af;panjshir;;
parwan;af;parwan;;
samangan;af;samangan;;
sari pul;af;sari pul;;
takhar;af;takhar;;
uruzgan;af;uruzgan;;
wardak;af;wardak;;
zabul;af;zabul;;
barbuda;ag;barbuda;;
redonda;ag;redonda;;
saint george;ag;saint george;;
saint john;ag;saint john;;
saint mary;ag;saint mary;;
saint paul;ag;saint paul;;
saint peter;ag;saint peter;;
saint philip;ag;saint philip;;
berat;al;berat;;
dibër;al;dibër;;
durrës;al;durrës;;
elbasan;al;elbasan;;
fier;al;fier;;
gjirokastër;al;gjirokastër;;
korçë;al;korçë;;
kukës;al;kukës;;
lezhë;al;lezhë;;
shkodër;al;shkodër;;
tiranë;al;tiranë;;
vlorë;al;vlorë;;
aragatsotn;am;aragatsotn;;
ararat;am;ararat;;
armavir;am;armavir;;
erevan;am;erevan;;
gegharkunik;am;gegharkunik;;
kotayk;am;kotayk;;
lori;am;lori;;
shirak;am;shirak;;
syunik;am;syunik;;
tavush;am;tavush;;
vayots dzor;am;vayots dzor;;
bengo;ao;bengo;;
benguela;ao;benguela;;
bié;ao;bié;;
cabinda;ao;cabinda;;
cuando cubango;ao;cuando cubango;;
cuanza norte;ao;cuanza norte;;
cuanza sul;ao;cuanza sul;;
cunene;ao;cunene;;
huambo;ao;huambo;;
huíla;ao;huíla;;
luanda;ao;luanda;;
lunda norte;ao;lunda norte;;
lunda sul;ao;lunda sul;;
malanje;ao;malanje;;
moxico;ao;moxico;;
namibe;ao;namibe;;
uíge;ao;uíge;;
zaire;ao;zaire;;
buenos aires;ar;buenos aires;;
catamarca;ar;catamarca;;
chaco;ar;chaco;;
chubut;ar;chubut;;
ciudad de buenos aires;ar;ciudad de buenos aires;;
córdoba;ar;córdoba;;
corrientes;ar;corrientes;;
entre ríos;ar;entre ríos;;
formosa;ar;formosa;;
jujuy;ar;jujuy;;
la pampa;ar;la pampa;;
la rioja;ar;la rioja;;
mendoza;ar;mendoza;;
misiones;ar;misiones;;
neuquén;ar;neuquén;;
río negro;ar;río negro;;
salta;ar;salta;;
san juan;ar;san juan;;
san luis;ar;san luis;;
santa cruz;ar;santa cruz;;
santa fe;ar;santa fe;;
santiago del estero;ar;santiago del estero;;
tierra del fuego;ar;tierra del fuego;;
tucumán;ar;tucumán;;
eastern;as;eastern;;
manu'a;as;manu'a;;
unorganized;as;unorganized;;
western;as;western;;
îles éparses;at;îles éparses;;
burgenland;at;burgenland;;
kärnten;at;kärnten;;
niederösterreich;at;niederösterreich;;
oberösterreich;at;oberösterreich;;
salzburg;at;salzburg;;
steiermark;at;steiermark;;
tirol;at;tirol;;
vorarlberg;at;vorarlberg;;
wien;at;wien;;
ashmore and cartier islands;au;ashmore and cartier islands;;
australian capital territory;au;australian capital territory;;
coral sea islands territory;au;coral sea islands territory;;
jervis bay territory;au;jervis bay territory;;
new south wales;au;new south wales;;
northern territory;au;northern territory;;
queensland;au;queensland;;
south australia;au;south australia;;
tasmania;au;tasmania;;
victoria;au;victoria;;
western australia;au;western australia;;
brändö;ax;brändö;;
eckerö;ax;eckerö;;
finström;ax;finström;;
föglö;ax;föglö;;
geta;ax;geta;;
hammarland;ax;hammarland;;
jomala;ax;jomala;;
kökar;ax;kökar;;
kumlinge;ax;kumlinge;;
lemland;ax;lemland;;
lumparland;ax;lumparland;;
mariehamn;ax;mariehamn;;
saltvik;ax;saltvik;;
sottunga;ax;sottunga;;
sund;ax;sund;;
vårdö;ax;vårdö;;
absheron;az;absheron;;
aran;az;aran;;
daglig-shirvan;az;daglig-shirvan;;
ganja-qazakh;az;ganja-qazakh;;
kalbajar-lachin;az;kalbajar-lachin;;
lankaran;az;lankaran;;
nakhchivan;az;nakhchivan;;
quba-khachmaz;az;quba-khachmaz;;
shaki-zaqatala;az;shaki-zaqatala;;
yukhari-karabakh;az;yukhari-karabakh;;
brcko;ba;brcko;;
federacija bosna i hercegovina;ba;federacija bosna i hercegovina;;
repuplika srpska;ba;repuplika srpska;;
christ church;bb;christ church;;
saint andrew;bb;saint andrew;;
saint george;bb;saint george;;
saint james;bb;saint james;;
saint john;bb;saint john;;
saint joseph;bb;saint joseph;;
saint lucy;bb;saint lucy;;
saint michael;bb;saint michael;;
saint peter;bb;saint peter;;
saint philip;bb;saint philip;;
saint thomas;bb;saint thomas;;
barisal;bd;barisal;;
chittagong;bd;chittagong;;
dhaka;bd;dhaka;;
khulna;bd;khulna;;
rajshahi;bd;rajshahi;;
rangpur;bd;rangpur;;
sylhet;bd;sylhet;;
bruxelles;be;bruxelles;;
vlaanderen;be;vlaanderen;;
wallonie;be;wallonie;;
bonaire;be;bonaire;;
saba;be;saba;;
sint eustatius;be;sint eustatius;;
boucle du mouhoun;bf;boucle du mouhoun;;
cascades;bf;cascades;;
centre;bf;centre;;
centre-est;bf;centre-est;;
centre-nord;bf;centre-nord;;
centre-ouest;bf;centre-ouest;;
centre-sud;bf;centre-sud;;
est;bf;est;;
haut-bassins;bf;haut-bassins;;
nord;bf;nord;;
plateau-central;bf;plateau-central;;
sahel;bf;sahel;;
sud-ouest;bf;sud-ouest;;
blagoevgrad;bg;blagoevgrad;;
burgas;bg;burgas;;
dobrich;bg;dobrich;;
gabrovo;bg;gabrovo;;
grad sofiya;bg;grad sofiya;;
haskovo;bg;haskovo;;
kardzhali;bg;kardzhali;;
kyustendil;bg;kyustendil;;
lovech;bg;lovech;;
montana;bg;montana;;
pazardzhik;bg;pazardzhik;;
pernik;bg;pernik;;
pleven;bg;pleven;;
plovdiv;bg;plovdiv;;
razgrad;bg;razgrad;;
ruse;bg;ruse;;
shumen;bg;shumen;;
silistra;bg;silistra;;
sliven;bg;sliven;;
smolyan;bg;smolyan;;
sofia;bg;sofia;;
stara zagora;bg;stara zagora;;
targovishte;bg;targovishte;;
varna;bg;varna;;
veliko tarnovo;bg;veliko tarnovo;;
vidin;bg;vidin;;
vratsa;bg;vratsa;;
yambol;bg;yambol;;
capital;bh;capital;;
central;bh;central;;
muharraq;bh;muharraq;;
northern;bh;northern;;
southern;bh;southern;;
bubanza;bi;bubanza;;
bujumbura mairie;bi;bujumbura mairie;;
bujumbura rural;bi;bujumbura rural;;
bururi;bi;bururi;;
cankuzo;bi;cankuzo;;
cibitoke;bi;cibitoke;;
gitega;bi;gitega;;
karuzi;bi;karuzi;;
kayanza;bi;kayanza;;
kirundo;bi;kirundo;;
makamba;bi;makamba;;
muramvya;bi;muramvya;;
muyinga;bi;muyinga;;
mwaro;bi;mwaro;;
ngozi;bi;ngozi;;
rutana;bi;rutana;;
ruyigi;bi;ruyigi;;
alibori;bj;alibori;;
atakora;bj;atakora;;
atlantique;bj;atlantique;;
borgou;bj;borgou;;
collines;bj;collines;;
donga;bj;donga;;
kouffo;bj;kouffo;;
littoral;bj;littoral;;
mono;bj;mono;;
ouémé;bj;ouémé;;
plateau;bj;plateau;;
zou;bj;zou;;
devonshire;bm;devonshire;;
hamilton;bm;hamilton;;
hamilton municipality;bm;hamilton municipality;;
paget;bm;paget;;
pembroke;bm;pembroke;;
saint george's;bm;saint george's;;
saint george municipality;bm;saint george municipality;;
sandys;bm;sandys;;
smiths;bm;smiths;;
southampton;bm;southampton;;
warwick;bm;warwick;;
belait;bn;belait;;
brunei and muara;bn;brunei and muara;;
temburong;bn;temburong;;
tutong;bn;tutong;;
chuquisaca;bo;chuquisaca;;
cochabamba;bo;cochabamba;;
el beni;bo;el beni;;
la paz;bo;la paz;;
oruro;bo;oruro;;
pando;bo;pando;;
potosí;bo;potosí;;
santa cruz;bo;santa cruz;;
tarija;bo;tarija;;
acre;br;acre;;
alagoas;br;alagoas;;
amapá;br;amapá;;
amazonas;br;amazonas;;
bahia;br;bahia;;
ceará;br;ceará;;
distrito federal;br;distrito federal;;
espírito santo;br;espírito santo;;
goiás;br;goiás;;
maranhão;br;maranhão;;
mato grosso;br;mato grosso;;
mato grosso do sul;br;mato grosso do sul;;
minas gerais;br;minas gerais;;
pará;br;pará;;
paraíba;br;paraíba;;
paraná;br;paraná;;
pernambuco;br;pernambuco;;
piauí;br;piauí;;
rio de janeiro;br;rio de janeiro;;
rio grande do norte;br;rio grande do norte;;
rio grande do sul;br;rio grande do sul;;
rondônia;br;rondônia;;
roraima;br;roraima;;
santa catarina;br;santa catarina;;
são paulo;br;são paulo;;
sergipe;br;sergipe;;
tocantins;br;tocantins;;
acklins;bs;acklins;;
berry islands;bs;berry islands;;
biminis;bs;biminis;;
black point;bs;black point;;
cat island;bs;cat island;;
central abaco;bs;central abaco;;
central andros;bs;central andros;;
central eleuthera;bs;central eleuthera;;
city of freeport;bs;city of freeport;;
crooked island;bs;crooked island;;
east grand bahama;bs;east grand bahama;;
exuma;bs;exuma;;
grand cay;bs;grand cay;;
harbour island;bs;harbour island;;
hope town;bs;hope town;;
inagua;bs;inagua;;
long island;bs;long island;;
mangrove cay;bs;mangrove cay;;
mayaguana;bs;mayaguana;;
moore's island;bs;moore's island;;
new providence;bs;new providence;;
north abaco;bs;north abaco;;
north andros;bs;north andros;;
north eleuthera;bs;north eleuthera;;
ragged island;bs;ragged island;;
rum cay;bs;rum cay;;
san salvador;bs;san salvador;;
south abaco;bs;south abaco;;
south andros;bs;south andros;;
south eleuthera;bs;south eleuthera;;
spanish wells;bs;spanish wells;;
west grand bahama;bs;west grand bahama;;
bumthang;bt;bumthang;;
chhukha;bt;chhukha;;
dagana;bt;dagana;;
gasa;bt;gasa;;
haa;bt;haa;;
lhuentse;bt;lhuentse;;
monggar;bt;monggar;;
paro;bt;paro;;
pemagatshel;bt;pemagatshel;;
punakha;bt;punakha;;
samdrupjongkhar;bt;samdrupjongkhar;;
samtse;bt;samtse;;
sarpang;bt;sarpang;;
thimphu;bt;thimphu;;
trashigang;bt;trashigang;;
trongsa;bt;trongsa;;
tsirang;bt;tsirang;;
wangduephodrang;bt;wangduephodrang;;
yangtse;bt;yangtse;;
zhemgang;bt;zhemgang;;
central;bw;central;;
chobe;bw;chobe;;
francistown;bw;francistown;;
gaborone;bw;gaborone;;
ghanzi;bw;ghanzi;;
jwaneng;bw;jwaneng;;
kgalagadi;bw;kgalagadi;;
kgatleng;bw;kgatleng;;
kweneng;bw;kweneng;;
lobatse;bw;lobatse;;
north-east;bw;north-east;;
north-west;bw;north-west;;
selibe phikwe;bw;selibe phikwe;;
south-east;bw;south-east;;
southern;bw;southern;;
sowa;bw;sowa;;
brest;by;brest;;
homyel';by;homyel';;
hrodna;by;hrodna;;
mahilyow;by;mahilyow;;
minsk;by;minsk;;
vitsyebsk;by;vitsyebsk;;
belize;bz;belize;;
cayo;bz;cayo;;
corozal;bz;corozal;;
orange walk;bz;orange walk;;
stann creek;bz;stann creek;;
toledo;bz;toledo;;
alberta;ca;alberta;;
british columbia;ca;british columbia;;
manitoba;ca;manitoba;;
new brunswick;ca;new brunswick;;
newfoundland and labrador;ca;newfoundland and labrador;;
northwest territories;ca;northwest territories;;
nova scotia;ca;nova scotia;;
nunavut;ca;nunavut;;
ontario;ca;ontario;;
prince edward island;ca;prince edward island;;
québec;ca;québec;;
saskatchewan;ca;saskatchewan;;
yukon;ca;yukon;;
bas-uélé;cd;bas-uélé;;
équateur;cd;équateur;;
haut-katanga;cd;haut-katanga;;
haut-lomami;cd;haut-lomami;;
haut-uélé;cd;haut-uélé;;
ituri;cd;ituri;;
kasaï;cd;kasaï;;
kasaï-central;cd;kasaï-central;;
kasaï-oriental;cd;kasaï-oriental;;
kinshasa;cd;kinshasa;;
kongo-central;cd;kongo-central;;
kwango;cd;kwango;;
kwilu;cd;kwilu;;
lomami;cd;lomami;;
lualaba;cd;lualaba;;
maï-ndombe;cd;maï-ndombe;;
maniema;cd;maniema;;
mongala;cd;mongala;;
nord-kivu;cd;nord-kivu;;
nord-ubangi;cd;nord-ubangi;;
sankuru;cd;sankuru;;
sud-kivu;cd;sud-kivu;;
sud-ubangi;cd;sud-ubangi;;
tanganyika;cd;tanganyika;;
tshopo;cd;tshopo;;
tshuapa;cd;tshuapa;;
bamingui-bangoran;cf;bamingui-bangoran;;
bangui;cf;bangui;;
basse-kotto;cf;basse-kotto;;
haut-mbomou;cf;haut-mbomou;;
haute-kotto;cf;haute-kotto;;
kémo;cf;kémo;;
lobaye;cf;lobaye;;
mambéré-kadéï;cf;mambéré-kadéï;;
mbomou;cf;mbomou;;
nana-grébizi;cf;nana-grébizi;;
nana-mambéré;cf;nana-mambéré;;
ombella-m'poko;cf;ombella-m'poko;;
ouaka;cf;ouaka;;
ouham;cf;ouham;;
ouham-pendé;cf;ouham-pendé;;
sangha-mbaéré;cf;sangha-mbaéré;;
vakaga;cf;vakaga;;
bouenza;cg;bouenza;;
brazzaville;cg;brazzaville;;
cuvette;cg;cuvette;;
cuvette-ouest;cg;cuvette-ouest;;
kouilou;cg;kouilou;;
lékoumou;cg;lékoumou;;
likouala;cg;likouala;;
niari;cg;niari;;
plateaux;cg;plateaux;;
pointe noire;cg;pointe noire;;
pool;cg;pool;;
sangha;cg;sangha;;
aargau;ch;aargau;;
appenzell ausserrhoden;ch;appenzell ausserrhoden;;
appenzell innerrhoden;ch;appenzell innerrhoden;;
basel-landschaft;ch;basel-landschaft;;
basel-stadt;ch;basel-stadt;;
bern;ch;bern;;
fribourg;ch;fribourg;;
genève;ch;genève;;
glarus;ch;glarus;;
graubünden;ch;graubünden;;
jura;ch;jura;;
lucerne;ch;lucerne;;
neuchâtel;ch;neuchâtel;;
nidwalden;ch;nidwalden;;
obwalden;ch;obwalden;;
sankt gallen;ch;sankt gallen;;
schaffhausen;ch;schaffhausen;;
schwyz;ch;schwyz;;
solothurn;ch;solothurn;;
thurgau;ch;thurgau;;
ticino;ch;ticino;;
uri;ch;uri;;
valais;ch;valais;;
vaud;ch;vaud;;
zug;ch;zug;;
zürich;ch;zürich;;
abidjan;ci;abidjan;;
bas-sassandra;ci;bas-sassandra;;
comoé;ci;comoé;;
denguélé;ci;denguélé;;
gôh-djiboua;ci;gôh-djiboua;;
lacs;ci;lacs;;
lagunes;ci;lagunes;;
montagnes;ci;montagnes;;
sassandra-marahoué;ci;sassandra-marahoué;;
savanes;ci;savanes;;
vallée du bandama;ci;vallée du bandama;;
woroba;ci;woroba;;
yamoussoukro;ci;yamoussoukro;;
zanzan;ci;zanzan;;
aisén del general carlos ibáñez del campo;cl;aisén del general carlos ibáñez del campo;;antofagasta
antofagasta;cl;antofagasta;;araucanía
araucanía;cl;araucanía;;arica y parinacota
arica y parinacota;cl;arica y parinacota;;atacama
atacama;cl;atacama;;aisén del general carlos ibáñez del campo
bío-bío;cl;bío-bío;;bío-bío
coquimbo;cl;coquimbo;;
libertador general bernardo o'higgins;cl;libertador general bernardo o'higgins;;coquimbo
los lagos;cl;los lagos;;los lagos
los ríos;cl;los ríos;;los ríos
magallanes y antártica chilena;cl;magallanes y antártica chilena;;magallanes y antártica chilena
maule;cl;maule;;maule
ñuble;cl;ñuble;;aisén del general carlos ibáñez del campo
región metropolitana de santiago;cl;región metropolitana de santiago;;región metropolitana de santiago
tarapacá;cl;tarapacá;;tarapacá
valparaíso;cl;valparaíso;;valparaíso
adamaoua;cm;adamaoua;;ñuble
centre;cm;centre;;
est;cm;est;;
extrême-nord;cm;extrême-nord;;
littoral;cm;littoral;;
nord;cm;nord;;
nord-ouest;cm;nord-ouest;;
ouest;cm;ouest;;
sud;cm;sud;;
sud-ouest;cm;sud-ouest;;
anhui;cn;anhui;;anhui
beijing;cn;beijing;;beijing
chongqing;cn;chongqing;;
fujian;cn;fujian;;chongqing
gansu;cn;gansu;;fujian
guangdong;cn;guangdong;;gansu
guangxi;cn;guangxi;;guangdong
guizhou;cn;guizhou;;guangxi
hainan;cn;hainan;;guizhou
hebei;cn;hebei;;hainan
heilongjiang;cn;heilongjiang;;hebei
henan;cn;henan;;heilongjiang
hubei;cn;hubei;;henan
hunan;cn;hunan;;hubei
jiangsu;cn;jiangsu;;hunan
jiangxi;cn;jiangxi;;nei mongol
jilin;cn;jilin;;jiangsu
liaoning;cn;liaoning;;jiangxi
nei mongol;cn;nei mongol;;jilin
ningxia hui;cn;ningxia hui;;liaoning
qinghai;cn;qinghai;;ningxia hui
shaanxi;cn;shaanxi;;qinghai
shandong;cn;shandong;;shaanxi
shanghai;cn;shanghai;;shandong
shanxi;cn;shanxi;;shanghai
sichuan;cn;sichuan;;shanxi
tianjin;cn;tianjin;;sichuan
xinjiang uygur;cn;xinjiang uygur;;tianjin
xizang;cn;xizang;;yunnan
yunnan;cn;yunnan;;xinjiang uygur
zhejiang;cn;zhejiang;;yunnan
amazonas;co;amazonas;;zhejiang
antioquia;co;antioquia;;
arauca;co;arauca;;
atlántico;co;atlántico;;
bolívar;co;bolívar;;
boyacá;co;boyacá;;
caldas;co;caldas;;
caquetá;co;caquetá;;
casanare;co;casanare;;
cauca;co;cauca;;
cesar;co;cesar;;
chocó;co;chocó;;
córdoba;co;córdoba;;
cundinamarca;co;cundinamarca;;
guainía;co;guainía;;
guaviare;co;guaviare;;
huila;co;huila;;
la guajira;co;la guajira;;
magdalena;co;magdalena;;
meta;co;meta;;
nariño;co;nariño;;
norte de santander;co;norte de santander;;
putumayo;co;putumayo;;
quindío;co;quindío;;
risaralda;co;risaralda;;
san andrés y providencia;co;san andrés y providencia;;
santander;co;santander;;
sucre;co;sucre;;
tolima;co;tolima;;
valle del cauca;co;valle del cauca;;
vaupés;co;vaupés;;
vichada;co;vichada;;
alajuela;cr;alajuela;;
cartago;cr;cartago;;
guanacaste;cr;guanacaste;;
heredia;cr;heredia;;
limón;cr;limón;;
puntarenas;cr;puntarenas;;
san josé;cr;san josé;;
camagüey;cu;camagüey;;
ciego de ávila;cu;ciego de ávila;;
cienfuegos;cu;cienfuegos;;
ciudad de la habana;cu;ciudad de la habana;;
granma;cu;granma;;
guantánamo;cu;guantánamo;;
holguín;cu;holguín;;
isla de la juventud;cu;isla de la juventud;;
la habana;cu;la habana;;
las tunas;cu;las tunas;;
matanzas;cu;matanzas;;
mayabeque;cu;mayabeque;;
pinar del río;cu;pinar del río;;
sancti spíritus;cu;sancti spíritus;;
santiago de cuba;cu;santiago de cuba;;
villa clara;cu;villa clara;;
boa vista;cv;boa vista;;
brava;cv;brava;;
maio;cv;maio;;
mosteiros;cv;mosteiros;;
paúl;cv;paúl;;
porto novo;cv;porto novo;;
praia;cv;praia;;
ribeira brava;cv;ribeira brava;;
ribeira grande;cv;ribeira grande;;
ribeira grande de santiago;cv;ribeira grande de santiago;;
sal;cv;sal;;
santa catarina;cv;santa catarina;;
santa catarina do fogo ;cv;santa catarina do fogo ;;
santa cruz;cv;santa cruz;;
são domingos;cv;são domingos;;
são filipe;cv;são filipe;;
são lourenço dos órgãos;cv;são lourenço dos órgãos;;
são miguel;cv;são miguel;;
são salvador do mundo;cv;são salvador do mundo;;
são vicente;cv;são vicente;;
tarrafal;cv;tarrafal;;
tarrafal de são nicolau;cv;tarrafal de são nicolau;;
famagusta;cy;famagusta;;
larnaca;cy;larnaca;;
limassol;cy;limassol;;
nicosia;cy;nicosia;;
paphos;cy;paphos;;
gazimagusa;cy;gazimagusa;;
girne;cy;girne;;
güzelyurt;cy;güzelyurt;;
iskele;cy;iskele;;
nicosia;cy;nicosia;;
jihoceský;cz;jihoceský;;
jihomoravský;cz;jihomoravský;;
karlovarský;cz;karlovarský;;
kraj vysocina;cz;kraj vysocina;;
královéhradecký;cz;královéhradecký;;
liberecký;cz;liberecký;;
moravskoslezský;cz;moravskoslezský;;
olomoucký;cz;olomoucký;;
pardubický;cz;pardubický;;
plzenský;cz;plzenský;;
prague;cz;prague;;
stredoceský;cz;stredoceský;;
ústecký;cz;ústecký;;
zlínský;cz;zlínský;;
baden-württemberg;de;baden-württemberg;;
bayern;de;bayern;;
berlin;de;berlin;;
brandenburg;de;brandenburg;;
bremen;de;bremen;;
hamburg;de;hamburg;;
hessen;de;hessen;;
mecklenburg-vorpommern;de;mecklenburg-vorpommern;;
niedersachsen;de;niedersachsen;;
nordrhein-westfalen;de;nordrhein-westfalen;;
rheinland-pfalz;de;rheinland-pfalz;;
saarland;de;saarland;;
sachsen;de;sachsen;;
sachsen-anhalt;de;sachsen-anhalt;;
schleswig-holstein;de;schleswig-holstein;;
thüringen;de;thüringen;;
ali sabieh;dj;ali sabieh;;
dikhil;dj;dikhil;;
djibouti;dj;djibouti;;
obock;dj;obock;;
tadjourah;dj;tadjourah;;
hovedstaden;dk;hovedstaden;;
midtjylland;dk;midtjylland;;
nordjylland;dk;nordjylland;;
sjælland;dk;sjælland;;
syddanmark;dk;syddanmark;;
saint andrew;dm;saint andrew;;
saint david;dm;saint david;;
saint george;dm;saint george;;
saint john;dm;saint john;;
saint joseph;dm;saint joseph;;
saint luke;dm;saint luke;;
saint mark;dm;saint mark;;
saint patrick;dm;saint patrick;;
saint paul;dm;saint paul;;
saint peter;dm;saint peter;;
azua;do;azua;;
bahoruco;do;bahoruco;;
barahona;do;barahona;;
dajabón;do;dajabón;;
distrito nacional;do;distrito nacional;;
duarte;do;duarte;;
el seybo;do;el seybo;;
espaillat;do;espaillat;;
hato mayor;do;hato mayor;;
independencia;do;independencia;;
la altagracia;do;la altagracia;;
la estrelleta;do;la estrelleta;;
la romana;do;la romana;;
la vega;do;la vega;;
maría trinidad sánchez;do;maría trinidad sánchez;;
monseñor nouel;do;monseñor nouel;;
monte cristi;do;monte cristi;;
monte plata;do;monte plata;;
pedernales;do;pedernales;;
peravia;do;peravia;;
puerto plata;do;puerto plata;;
salcedo;do;salcedo;;
samaná;do;samaná;;
san cristóbal;do;san cristóbal;;
san josé de ocoa;do;san josé de ocoa;;
san juan;do;san juan;;
san pedro de macorís;do;san pedro de macorís;;
sánchez ramírez;do;sánchez ramírez;;
santiago;do;santiago;;
santiago rodríguez;do;santiago rodríguez;;
santo domingo;do;santo domingo;;
valverde;do;valverde;;
adrar;dz;adrar;;
aïn defla;dz;aïn defla;;
aïn témouchent;dz;aïn témouchent;;
alger;dz;alger;;
annaba;dz;annaba;;
batna;dz;batna;;
béchar;dz;béchar;;
béjaïa;dz;béjaïa;;
biskra;dz;biskra;;
blida;dz;blida;;
bordj bou arréridj;dz;bordj bou arréridj;;
bouira;dz;bouira;;
boumerdès;dz;boumerdès;;
chlef;dz;chlef;;
constantine;dz;constantine;;
djelfa;dz;djelfa;;
el bayadh;dz;el bayadh;;
el oued;dz;el oued;;
el tarf;dz;el tarf;;
ghardaïa;dz;ghardaïa;;
guelma;dz;guelma;;
illizi;dz;illizi;;
jijel;dz;jijel;;
khenchela;dz;khenchela;;
laghouat;dz;laghouat;;
m'sila;dz;m'sila;;
mascara;dz;mascara;;
médéa;dz;médéa;;
mila;dz;mila;;
mostaganem;dz;mostaganem;;
naâma;dz;naâma;;
oran;dz;oran;;
ouargla;dz;ouargla;;
oum el bouaghi;dz;oum el bouaghi;;
relizane;dz;relizane;;
saïda;dz;saïda;;
sétif;dz;sétif;;
sidi bel abbès;dz;sidi bel abbès;;
skikda;dz;skikda;;
souk ahras;dz;souk ahras;;
tamanghasset;dz;tamanghasset;;
tébessa;dz;tébessa;;
tiaret;dz;tiaret;;
tindouf;dz;tindouf;;
tipaza;dz;tipaza;;
tissemsilt;dz;tissemsilt;;
tizi ouzou;dz;tizi ouzou;;
tlemcen;dz;tlemcen;;
azuay;ec;azuay;;
bolivar;ec;bolivar;;
cañar;ec;cañar;;
carchi;ec;carchi;;
chimborazo;ec;chimborazo;;
cotopaxi;ec;cotopaxi;;
el oro;ec;el oro;;
esmeraldas;ec;esmeraldas;;
galápagos;ec;galápagos;;
guayas;ec;guayas;;
imbabura;ec;imbabura;;
loja;ec;loja;;
los rios;ec;los rios;;
manabi;ec;manabi;;
morona santiago;ec;morona santiago;;
napo;ec;napo;;
orellana;ec;orellana;;
pastaza;ec;pastaza;;
pichincha;ec;pichincha;;
santa elena;ec;santa elena;;
santo domingo de los tsachilas;ec;santo domingo de los tsachilas;;
sucumbios;ec;sucumbios;;
tungurahua;ec;tungurahua;;
zamora chinchipe;ec;zamora chinchipe;;
harju;ee;harju;;
hiiu;ee;hiiu;;
ida-viru;ee;ida-viru;;
järva;ee;järva;;
jõgeva;ee;jõgeva;;
lääne;ee;lääne;;
lääne-viru;ee;lääne-viru;;
pärnu;ee;pärnu;;
põlva;ee;põlva;;
rapla;ee;rapla;;
saare;ee;saare;;
tartu;ee;tartu;;
valga;ee;valga;;
viljandi;ee;viljandi;;
võru;ee;võru;;
ad daqahliyah;eg;ad daqahliyah;;
al bahr al ahmar;eg;al bahr al ahmar;;
al buhayrah;eg;al buhayrah;;
al fayyum;eg;al fayyum;;
al gharbiyah;eg;al gharbiyah;;
al iskandariyah;eg;al iskandariyah;;
al isma`iliyah;eg;al isma`iliyah;;
al jizah;eg;al jizah;;
al minufiyah;eg;al minufiyah;;
al minya;eg;al minya;;
al qahirah;eg;al qahirah;;
al qalyubiyah;eg;al qalyubiyah;;
al uqsur;eg;al uqsur;;
al wadi al jadid;eg;al wadi al jadid;;
as suways;eg;as suways;;
ash sharqiyah;eg;ash sharqiyah;;
aswan;eg;aswan;;
asyut;eg;asyut;;
bani suwayf;eg;bani suwayf;;
bur sa`id;eg;bur sa`id;;
dumyat;eg;dumyat;;
janub sina';eg;janub sina';;
kafr ash shaykh;eg;kafr ash shaykh;;
matrouh;eg;matrouh;;
qina;eg;qina;;
shamal sina';eg;shamal sina';;
suhaj;eg;suhaj;;
boujdour;eh;boujdour;;
es semara;eh;es semara;;
laayoune;eh;laayoune;;
oued el dahab;eh;oued el dahab;;
anseba;er;anseba;;
debub;er;debub;;
debubawi keyih bahri;er;debubawi keyih bahri;;
gash barka;er;gash barka;;
maekel;er;maekel;;
semenawi keyih bahri;er;semenawi keyih bahri;;
andalucía;es;andalucía;;andalucía
aragón;es;aragón;;aragón
cantabria;es;cantabria;;principado de asturias
castilla-la mancha;es;castilla-la mancha;;islas baleares
castilla y león;es;castilla y león;;país vasco
cataluña;es;cataluña;;islas canarias
ceuta y melilla;es;ceuta y melilla;;cantabria
comunidad de madrid;es;comunidad de madrid;;castilla y león
comunidad foral de navarra;es;comunidad foral de navarra;;castilla-la mancha
comunidad valenciana;es;comunidad valenciana;;cataluña
extremadura;es;extremadura;;comunidad de madrid
galicia;es;galicia;;extremadura
islas baleares;es;islas baleares;;galicia
islas canarias;es;islas canarias;;la rioja
la rioja;es;la rioja;;comunidad foral de navarra
país vasco;es;país vasco;;región de murcia
principado de asturias;es;principado de asturias;;
región de murcia;es;región de murcia;;comunidad valenciana
peipsi;es;peipsi;;
southern nations;et; nationalities and peoples;;
addis abeba;et;addis abeba;;
afar;et;afar;;
amhara;et;amhara;;
benshangul-gumaz;et;benshangul-gumaz;;
dire dawa;et;dire dawa;;
gambela peoples;et;gambela peoples;;
harari people;et;harari people;;
oromia;et;oromia;;
somali;et;somali;;
tigray;et;tigray;;
eastern finland;fi;eastern finland;;
lapland;fi;lapland;;
oulu;fi;oulu;;
southern finland;fi;southern finland;;
western finland;fi;western finland;;
central;fj;central;;
eastern;fj;eastern;southern nations, nationalities and peoples;
northern;fj;northern;;
rotuma;fj;rotuma;;
western;fj;western;;
chuuk;fm;chuuk;;
kosrae;fm;kosrae;;
pohnpei;fm;pohnpei;;
yap;fm;yap;;
eysturoyar;fo;eysturoyar;;
norderøerne;fo;norderøerne;;
sandoyar;fo;sandoyar;;
streymoyar;fo;streymoyar;;
suðuroyar;fo;suðuroyar;;
vågø;fo;vågø;;
auvergne-rhône-alpes;fr;auvergne-rhône-alpes;;
bourgogne-franche-comté;fr;bourgogne-franche-comté;;
bretagne;fr;bretagne;;
centre-val de loire;fr;centre-val de loire;;
corse;fr;corse;;
grand est;fr;grand est;;
hauts-de-france;fr;hauts-de-france;;
île-de-france;fr;île-de-france;;
normandie;fr;normandie;;
nouvelle-aquitaine;fr;nouvelle-aquitaine;;
occitanie;fr;occitanie;;
pays de la loire;fr;pays de la loire;;
provence-alpes-côte d'azur;fr;provence-alpes-côte d'azur;;
estuaire;ga;estuaire;;
haut-ogooué;ga;haut-ogooué;;
moyen-ogooué;ga;moyen-ogooué;;
ngounié;ga;ngounié;;
nyanga;ga;nyanga;;
ogooué-ivindo;ga;ogooué-ivindo;;
ogooué-lolo;ga;ogooué-lolo;;
ogooué-maritime;ga;ogooué-maritime;;
wouleu-ntem;ga;wouleu-ntem;;
england;gb;england;;
northern ireland;gb;northern ireland;;
scotland;gb;scotland;;
wales;gb;wales;;
carriacou;gd;carriacou;;
saint andrew;gd;saint andrew;;
saint david;gd;saint david;;
saint george;gd;saint george;;
saint john;gd;saint john;;
saint mark;gd;saint mark;;
saint patrick;gd;saint patrick;;
abkhazia;ge;abkhazia;;
ajaria;ge;ajaria;;
guria;ge;guria;;
imereti;ge;imereti;;
kakheti;ge;kakheti;;
kvemo kartli;ge;kvemo kartli;;
mtskheta-mtianeti;ge;mtskheta-mtianeti;;
racha-lechkhumi-kvemo svaneti;ge;racha-lechkhumi-kvemo svaneti;;
samegrelo-zemo svaneti;ge;samegrelo-zemo svaneti;;
samtskhe-javakheti;ge;samtskhe-javakheti;;
shida kartli;ge;shida kartli;;
tbilisi;ge;tbilisi;;
cayenne;gf;cayenne;;
saint-laurent-du-maroni;gf;saint-laurent-du-maroni;;
alderney;gg;alderney;;
brecqhou;gg;brecqhou;;
castel;gg;castel;;
forest;gg;forest;;
herm;gg;herm;;
jethou;gg;jethou;;
saint andrew;gg;saint andrew;;
saint martin;gg;saint martin;;
saint peter port;gg;saint peter port;;
saint pierre du bois;gg;saint pierre du bois;;
saint sampson;gg;saint sampson;;
saint saviour;gg;saint saviour;;
sark;gg;sark;;
torteval;gg;torteval;;
vale;gg;vale;;
ashanti;gh;ashanti;;
brong ahafo;gh;brong ahafo;;
central;gh;central;;
eastern;gh;eastern;;
greater accra;gh;greater accra;;
northern;gh;northern;;
upper east;gh;upper east;;
upper west;gh;upper west;;
volta;gh;volta;;
western;gh;western;;
boké;gi;boké;;
conakry;gi;conakry;;
faranah;gi;faranah;;
kankan;gi;kankan;;
kindia;gi;kindia;;
labé;gi;labé;;
mamou;gi;mamou;;
nzérékoré;gi;nzérékoré;;
kujalleq;gl;kujalleq;;
northeast greenland national park;gl;northeast greenland national park;;
qaasuitsup;gl;qaasuitsup;;
qeqqata;gl;qeqqata;;
sermersooq;gl;sermersooq;;
banjul;gm;banjul;;
lower river;gm;lower river;;
maccarthy island;gm;maccarthy island;;
north bank;gm;north bank;;
upper river;gm;upper river;;
western;gm;western;;
basse-terre;gp;basse-terre;;
pointe-à-pitre;gp;pointe-à-pitre;;
annobón;gq;annobón;;
bioko norte;gq;bioko norte;;
bioko sur;gq;bioko sur;;
centro sur;gq;centro sur;;
kié-ntem;gq;kié-ntem;;
litoral;gq;litoral;;
wele-nzas;gq;wele-nzas;;
peloponnese;gr;western greece and the ionian islands;;
aegean;gr;aegean;;
athos;gr;athos;;
attica;gr;attica;;
crete;gr;crete;;
epirus and western macedonia;gr;epirus and western macedonia;;
macedonia and thrace;gr;macedonia and thrace;;
thessaly and central greece;gr;thessaly and central greece;;
saint clement;gr;saint clement;;
alta verapaz;gt;alta verapaz;peloponnese, western greece and the ionian islands;
baja verapaz;gt;baja verapaz;;
chimaltenango;gt;chimaltenango;;
chiquimula;gt;chiquimula;;
el progreso;gt;el progreso;;
escuintla;gt;escuintla;;
guatemala;gt;guatemala;;
huehuetenango;gt;huehuetenango;;
izabal;gt;izabal;;
jalapa;gt;jalapa;;
jutiapa;gt;jutiapa;;
petén;gt;petén;;
quezaltenango;gt;quezaltenango;;
quiché;gt;quiché;;
retalhuleu;gt;retalhuleu;;
sacatepéquez;gt;sacatepéquez;;
san marcos;gt;san marcos;;
santa rosa;gt;santa rosa;;
sololá;gt;sololá;;
suchitepéquez;gt;suchitepéquez;;
totonicapán;gt;totonicapán;;
zacapa;gt;zacapa;;
agana heights;gu;agana heights;;
agat;gu;agat;;
asan;gu;asan;;
barrigada;gu;barrigada;;
chalan-pago-ordot;gu;chalan-pago-ordot;;
dededo;gu;dededo;;
hagåtña;gu;hagåtña;;
inarajan;gu;inarajan;;
mangilao;gu;mangilao;;
merizo;gu;merizo;;
mongmong-toto-maite;gu;mongmong-toto-maite;;
piti;gu;piti;;
santa rita;gu;santa rita;;
sinajana;gu;sinajana;;
talofofo;gu;talofofo;;
tamuning;gu;tamuning;;
umatac;gu;umatac;;
yigo;gu;yigo;;
yona;gu;yona;;
bafatá;gw;bafatá;;
biombo;gw;biombo;;
bissau;gw;bissau;;
bolama;gw;bolama;;
cacheu;gw;cacheu;;
gabú;gw;gabú;;
oio;gw;oio;;
quinara;gw;quinara;;
tombali;gw;tombali;;
barima-waini;gy;barima-waini;;
cuyuni-mazaruni;gy;cuyuni-mazaruni;;
demerara-mahaica;gy;demerara-mahaica;;
east berbice-corentyne;gy;east berbice-corentyne;;
essequibo islands-west demerara;gy;essequibo islands-west demerara;;
mahaica-berbice;gy;mahaica-berbice;;
pomeroon-supenaam;gy;pomeroon-supenaam;;
potaro-siparuni;gy;potaro-siparuni;;
upper demerara-berbice;gy;upper demerara-berbice;;
upper takutu-upper essequibo;gy;upper takutu-upper essequibo;;
central and western;hk;central and western;;
eastern;hk;eastern;;
islands;hk;islands;;
kowloon city;hk;kowloon city;;
kwai tsing;hk;kwai tsing;;
kwun tong;hk;kwun tong;;
north;hk;north;;
sai kung;hk;sai kung;;
sha tin;hk;sha tin;;
sham shui po;hk;sham shui po;;
southern;hk;southern;;
tai po;hk;tai po;;
tsuen wan;hk;tsuen wan;;
tuen mun;hk;tuen mun;;
wan chai;hk;wan chai;;
wong tai sin;hk;wong tai sin;;
yau tsim mong;hk;yau tsim mong;;
yuen long;hk;yuen long;;
atlántida;hn;atlántida;;
choluteca;hn;choluteca;;
colón;hn;colón;;
comayagua;hn;comayagua;;
copán;hn;copán;;
cortés;hn;cortés;;
el paraíso;hn;el paraíso;;
francisco morazán;hn;francisco morazán;;
gracias a dios;hn;gracias a dios;;
intibucá;hn;intibucá;;
islas de la bahía;hn;islas de la bahía;;
la paz;hn;la paz;;
lempira;hn;lempira;;
ocotepeque;hn;ocotepeque;;
olancho;hn;olancho;;
santa bárbara;hn;santa bárbara;;
valle;hn;valle;;
yoro;hn;yoro;;
bjelovarska-bilogorska;hr;bjelovarska-bilogorska;;
brodsko-posavska;hr;brodsko-posavska;;
dubrovacko-neretvanska;hr;dubrovacko-neretvanska;;
grad zagreb;hr;grad zagreb;;
istarska;hr;istarska;;
karlovacka;hr;karlovacka;;
koprivnicko-križevacka;hr;koprivnicko-križevacka;;
krapinsko-zagorska;hr;krapinsko-zagorska;;
licko-senjska;hr;licko-senjska;;
medimurska;hr;medimurska;;
osjecko-baranjska;hr;osjecko-baranjska;;
požeško-slavonska;hr;požeško-slavonska;;
primorsko-goranska;hr;primorsko-goranska;;
šibensko-kninska;hr;šibensko-kninska;;
sisacko-moslavacka;hr;sisacko-moslavacka;;
splitsko-dalmatinska;hr;splitsko-dalmatinska;;
varaždinska;hr;varaždinska;;
viroviticko-podravska;hr;viroviticko-podravska;;
vukovarsko-srijemska;hr;vukovarsko-srijemska;;
zadarska;hr;zadarska;;
zagrebacka;hr;zagrebacka;;
centre;ht;centre;;
grand'anse;ht;grand'anse;;
l'artibonite;ht;l'artibonite;;
nippes;ht;nippes;;
nord;ht;nord;;
nord-est;ht;nord-est;;
nord-ouest;ht;nord-ouest;;
ouest;ht;ouest;;
sud;ht;sud;;
sud-est;ht;sud-est;;
bács-kiskun;hu;bács-kiskun;;
baranya;hu;baranya;;
békés;hu;békés;;
borsod-abaúj-zemplén;hu;borsod-abaúj-zemplén;;
budapest;hu;budapest;;
csongrád;hu;csongrád;;
fejér;hu;fejér;;
gyor-moson-sopron;hu;gyor-moson-sopron;;
hajdú-bihar;hu;hajdú-bihar;;
heves;hu;heves;;
jász-nagykun-szolnok;hu;jász-nagykun-szolnok;;
komárom-esztergom;hu;komárom-esztergom;;
nógrád;hu;nógrád;;
pest;hu;pest;;
somogy;hu;somogy;;
szabolcs-szatmár-bereg;hu;szabolcs-szatmár-bereg;;
tolna;hu;tolna;;
vas;hu;vas;;
veszprém;hu;veszprém;;
zala;hu;zala;;
aceh;id;aceh;;
bali;id;bali;;
bangka belitung;id;bangka belitung;;
banten;id;banten;;
bengkulu;id;bengkulu;;
gorontalo;id;gorontalo;;
jakarta raya;id;jakarta raya;;
jambi;id;jambi;;
jawa barat;id;jawa barat;;
jawa tengah;id;jawa tengah;;
jawa timur;id;jawa timur;;
kalimantan barat;id;kalimantan barat;;
kalimantan selatan;id;kalimantan selatan;;
kalimantan tengah;id;kalimantan tengah;;
kalimantan timur;id;kalimantan timur;;
kepulauan riau;id;kepulauan riau;;
lampung;id;lampung;;
maluku;id;maluku;;
maluku utara;id;maluku utara;;
nusa tenggara barat;id;nusa tenggara barat;;
nusa tenggara timur;id;nusa tenggara timur;;
papua;id;papua;;
papua barat;id;papua barat;;
riau;id;riau;;
sulawesi barat;id;sulawesi barat;;
sulawesi selatan;id;sulawesi selatan;;
sulawesi tengah;id;sulawesi tengah;;
sulawesi tenggara;id;sulawesi tenggara;;
sulawesi utara;id;sulawesi utara;;
sumatera barat;id;sumatera barat;;
sumatera selatan;id;sumatera selatan;;
sumatera utara;id;sumatera utara;;
yogyakarta;id;yogyakarta;;
carlow;ie;carlow;;cork
cavan;ie;cavan;;dublin
clare;ie;clare;;galway
cork;ie;cork;;kerry
donegal;ie;donegal;;kilkenny
dublin;ie;dublin;;laoighis
galway;ie;galway;;limerick
kerry;ie;kerry;;longford
kildare;ie;kildare;;mayo
kilkenny;ie;kilkenny;;monaghan
laoighis;ie;laoighis;;wexford
leitrim;ie;leitrim;;wicklow
limerick;ie;limerick;;
longford;ie;longford;;
louth;ie;louth;;
mayo;ie;mayo;;
meath;ie;meath;;
monaghan;ie;monaghan;;
offaly;ie;offaly;;
roscommon;ie;roscommon;;
sligo;ie;sligo;;
tipperary;ie;tipperary;;
waterford;ie;waterford;;
westmeath;ie;westmeath;;
wexford;ie;wexford;;
wicklow;ie;wicklow;;
hadarom;il;hadarom;;
haifa;il;haifa;;
hamerkaz;il;hamerkaz;;
hazafon;il;hazafon;;
jerusalem;il;jerusalem;;
tel aviv;il;tel aviv;;
ayre;im;ayre;;
garff;im;garff;;
glenfaba;im;glenfaba;;
michael;im;michael;;
middle;im;middle;;
rushen;im;rushen;;
andaman and nicobar;in;andaman and nicobar;;
andhra pradesh;in;andhra pradesh;;
arunachal pradesh;in;arunachal pradesh;;
assam;in;assam;;
bihar;in;bihar;;
chandigarh;in;chandigarh;;
chhattisgarh;in;chhattisgarh;;
dadra and nagar haveli;in;dadra and nagar haveli;;
daman and diu;in;daman and diu;;
goa;in;goa;;
gujarat;in;gujarat;;
haryana;in;haryana;;
himachal pradesh;in;himachal pradesh;;
jammu and kashmir;in;jammu and kashmir;;
jharkhand;in;jharkhand;;
karnataka;in;karnataka;;
kerala;in;kerala;;
lakshadweep;in;lakshadweep;;
madhya pradesh;in;madhya pradesh;;
maharashtra;in;maharashtra;;
manipur;in;manipur;;
meghalaya;in;meghalaya;;
mizoram;in;mizoram;;
nagaland;in;nagaland;;
nct of delhi;in;nct of delhi;;
odisha;in;odisha;;
puducherry;in;puducherry;;
punjab;in;punjab;;
rajasthan;in;rajasthan;;
sikkim;in;sikkim;;
tamil nadu;in;tamil nadu;;
telangana;in;telangana;;
tripura;in;tripura;;
uttar pradesh;in;uttar pradesh;;
uttarakhand;in;uttarakhand;;
west bengal;in;west bengal;;
al-anbar;iq;al-anbar;;
al-basrah;iq;al-basrah;;
al-muthannia;iq;al-muthannia;;
al-qadisiyah;iq;al-qadisiyah;;
an-najaf;iq;an-najaf;;
arbil;iq;arbil;;
as-sulaymaniyah;iq;as-sulaymaniyah;;
at-ta'mim;iq;at-ta'mim;;
babil;iq;babil;;
baghdad;iq;baghdad;;
dhi-qar;iq;dhi-qar;;
dihok;iq;dihok;;
diyala;iq;diyala;;
karbala';iq;karbala';;
maysan;iq;maysan;;
ninawa;iq;ninawa;;
sala ad-din;iq;sala ad-din;;
wasit;iq;wasit;;
alborz;ir;alborz;;
ardebil;ir;ardebil;;
bushehr;ir;bushehr;;
chahar mahall and bakhtiari;ir;chahar mahall and bakhtiari;;
east azarbaijan;ir;east azarbaijan;;
esfahan;ir;esfahan;;
fars;ir;fars;;
gilan;ir;gilan;;
golestan;ir;golestan;;
hamadan;ir;hamadan;;
hormozgan;ir;hormozgan;;
ilam;ir;ilam;;
kerman;ir;kerman;;
kermanshah;ir;kermanshah;;
khuzestan;ir;khuzestan;;
kohgiluyeh and buyer ahmad;ir;kohgiluyeh and buyer ahmad;;
kordestan;ir;kordestan;;
lorestan;ir;lorestan;;
markazi;ir;markazi;;
mazandaran;ir;mazandaran;;
north khorasan;ir;north khorasan;;
qazvin;ir;qazvin;;
qom;ir;qom;;
razavi khorasan;ir;razavi khorasan;;
semnan;ir;semnan;;
sistan and baluchestan;ir;sistan and baluchestan;;
south khorasan;ir;south khorasan;;
tehran;ir;tehran;;
west azarbaijan;ir;west azarbaijan;;
yazd;ir;yazd;;
zanjan;ir;zanjan;;
austurland;is;austurland;;
hálshreppur;is;hálshreppur;;
höfuðborgarsvæði;is;höfuðborgarsvæði;;
norðurland vestra;is;norðurland vestra;;
suðurland;is;suðurland;;
suðurnes;is;suðurnes;;
vestfirðir;is;vestfirðir;;
vesturland;is;vesturland;;
golan;is;golan;;
abruzzo;it;abruzzo;;
apulia;it;apulia;;
basilicata;it;basilicata;;
calabria;it;calabria;;
campania;it;campania;;
emilia-romagna;it;emilia-romagna;;
friuli-venezia giulia;it;friuli-venezia giulia;;
lazio;it;lazio;;
liguria;it;liguria;;
lombardia;it;lombardia;;
marche;it;marche;;
molise;it;molise;;
piemonte;it;piemonte;;
sardegna;it;sardegna;;
sicily;it;sicily;;
toscana;it;toscana;;
trentino-alto adige;it;trentino-alto adige;;
umbria;it;umbria;;
valle d'aosta;it;valle d'aosta;;
veneto;it;veneto;;
grouville;je;grouville;;
saint berlade;je;saint berlade;;
saint helier;je;saint helier;;
saint john;je;saint john;;
saint lawrence;je;saint lawrence;;
saint martin;je;saint martin;;
saint mary;je;saint mary;;
saint ouen;je;saint ouen;;
saint peter;je;saint peter;;
saint saviour;je;saint saviour;;
trinity;je;trinity;;
clarendon;jm;clarendon;;
hanover;jm;hanover;;
kingston;jm;kingston;;
manchester;jm;manchester;;
portland;jm;portland;;
saint andrew;jm;saint andrew;;
saint ann;jm;saint ann;;
saint catherine;jm;saint catherine;;
saint elizabeth;jm;saint elizabeth;;
saint james;jm;saint james;;
saint mary;jm;saint mary;;
saint thomas;jm;saint thomas;;
trelawny;jm;trelawny;;
westmoreland;jm;westmoreland;;
ajlun;jo;ajlun;;
amman;jo;amman;;
aqaba;jo;aqaba;;
balqa;jo;balqa;;
irbid;jo;irbid;;
jarash;jo;jarash;;
karak;jo;karak;;
ma`an;jo;ma`an;;
madaba;jo;madaba;;
mafraq;jo;mafraq;;
tafilah;jo;tafilah;;
zarqa;jo;zarqa;;
aichi;jp;aichi;;
akita;jp;akita;;
aomori;jp;aomori;;
chiba;jp;chiba;;
ehime;jp;ehime;;
fukui;jp;fukui;;
fukuoka;jp;fukuoka;;
fukushima;jp;fukushima;;
gifu;jp;gifu;;
gunma;jp;gunma;;
hiroshima;jp;hiroshima;;
hokkaido;jp;hokkaido;;
hyogo;jp;hyogo;;
ibaraki;jp;ibaraki;;
ishikawa;jp;ishikawa;;
iwate;jp;iwate;;
kagawa;jp;kagawa;;
kagoshima;jp;kagoshima;;
kanagawa;jp;kanagawa;;
kochi;jp;kochi;;
kumamoto;jp;kumamoto;;
kyoto;jp;kyoto;;
mie;jp;mie;;
miyagi;jp;miyagi;;
miyazaki;jp;miyazaki;;
nagano;jp;nagano;;
naoasaki;jp;naoasaki;;
nara;jp;nara;;
niigata;jp;niigata;;
oita;jp;oita;;
okayama;jp;okayama;;
okinawa;jp;okinawa;;
osaka;jp;osaka;;
saga;jp;saga;;
saitama;jp;saitama;;
shiga;jp;shiga;;
shimane;jp;shimane;;
shizuoka;jp;shizuoka;;
tochigi;jp;tochigi;;
tokushima;jp;tokushima;;
tokyo;jp;tokyo;;
tottori;jp;tottori;;
toyama;jp;toyama;;
wakayama;jp;wakayama;;
yamagata;jp;yamagata;;
yamaguchi;jp;yamaguchi;;
yamanashi;jp;yamanashi;;
baringo;ke;baringo;;
bomet;ke;bomet;;
bungoma;ke;bungoma;;
busia;ke;busia;;
elgeyo-marakwet;ke;elgeyo-marakwet;;
embu;ke;embu;;
garissa;ke;garissa;;
homa bay;ke;homa bay;;
isiolo;ke;isiolo;;
kajiado;ke;kajiado;;
kakamega;ke;kakamega;;
kericho;ke;kericho;;
kiambu;ke;kiambu;;
kilifi;ke;kilifi;;
kirinyaga;ke;kirinyaga;;
kisii;ke;kisii;;
kisumu;ke;kisumu;;
kitui;ke;kitui;;
kwale;ke;kwale;;
laikipia;ke;laikipia;;
lamu;ke;lamu;;
machakos;ke;machakos;;
makueni;ke;makueni;;
mandera;ke;mandera;;
marsabit;ke;marsabit;;
meru;ke;meru;;
migori;ke;migori;;
mombasa;ke;mombasa;;
murang'a;ke;murang'a;;
nairobi;ke;nairobi;;
nakuru;ke;nakuru;;
nandi;ke;nandi;;
narok;ke;narok;;
nyamira;ke;nyamira;;
nyandarua;ke;nyandarua;;
nyeri;ke;nyeri;;
samburu;ke;samburu;;
siaya;ke;siaya;;
taita taveta;ke;taita taveta;;
tana river;ke;tana river;;
tharaka-nithi;ke;tharaka-nithi;;
trans nzoia;ke;trans nzoia;;
turkana;ke;turkana;;
uasin gishu;ke;uasin gishu;;
vihiga;ke;vihiga;;
wajir;ke;wajir;;
west pokot;ke;west pokot;;
batken;kg;batken;;
biškek;kg;biškek;;
chüy;kg;chüy;;
jalal-abad;kg;jalal-abad;;
naryn;kg;naryn;;
osh;kg;osh;;
osh (city);kg;osh (city);;
talas;kg;talas;;
ysyk-köl;kg;ysyk-köl;;
bântéay méanchey;kh;bântéay méanchey;;
batdâmbâng;kh;batdâmbâng;;
kâmpóng cham;kh;kâmpóng cham;;
kâmpóng chhnang;kh;kâmpóng chhnang;;
kâmpóng spœ;kh;kâmpóng spœ;;
kâmpóng thum;kh;kâmpóng thum;;
kâmpôt;kh;kâmpôt;;
kândal;kh;kândal;;
kaôh kong;kh;kaôh kong;;
kep;kh;kep;;
krâchéh;kh;krâchéh;;
krong pailin;kh;krong pailin;;
krong preah sihanouk;kh;krong preah sihanouk;;
môndól kiri;kh;môndól kiri;;
otdar mean chey;kh;otdar mean chey;;
phnom penh;kh;phnom penh;;
pouthisat;kh;pouthisat;;
preah vihéar;kh;preah vihéar;;
prey vêng;kh;prey vêng;;
rôtânôkiri;kh;rôtânôkiri;;
siemréab;kh;siemréab;;
stœng trêng;kh;stœng trêng;;
svay rieng;kh;svay rieng;;
takêv;kh;takêv;;
tbong khmum;kh;tbong khmum;;
mwali;km;mwali;;
njazídja;km;njazídja;;
nzwani;km;nzwani;;
christ church nichola town;kn;christ church nichola town;;
saint anne sandy point;kn;saint anne sandy point;;
saint george basseterre;kn;saint george basseterre;;
saint george gingerland;kn;saint george gingerland;;
saint james windward;kn;saint james windward;;
saint john capisterre;kn;saint john capisterre;;
saint john figtree;kn;saint john figtree;;
saint mary cayon;kn;saint mary cayon;;
saint paul capisterre;kn;saint paul capisterre;;
saint paul charlestown;kn;saint paul charlestown;;
saint peter basseterre;kn;saint peter basseterre;;
saint thomas lowland;kn;saint thomas lowland;;
saint thomas middle island;kn;saint thomas middle island;;
trinity palmetto point;kn;trinity palmetto point;;
chagang-do;kp;chagang-do;;
hamgyong-bukto;kp;hamgyong-bukto;;
hamgyong-namdo;kp;hamgyong-namdo;;
hwanghae-bukto;kp;hwanghae-bukto;;
hwanghae-namdo;kp;hwanghae-namdo;;
kaesong;kp;kaesong;;
kangwon-do;kp;kangwon-do;;
p'yongan-bukto;kp;p'yongan-bukto;;
p'yongan-namdo;kp;p'yongan-namdo;;
p'yongyang;kp;p'yongyang;;
rason;kp;rason;;
ryanggang;kp;ryanggang;;
busan;kr;busan;;
chungcheongbuk-do;kr;chungcheongbuk-do;;
chungcheongnam-do;kr;chungcheongnam-do;;
daegu;kr;daegu;;
daejeon;kr;daejeon;;
gangwon-do;kr;gangwon-do;;
gwangju;kr;gwangju;;
gyeonggi-do;kr;gyeonggi-do;;
gyeongsangbuk-do;kr;gyeongsangbuk-do;;
gyeongsangnam-do;kr;gyeongsangnam-do;;
incheon;kr;incheon;;
jeju;kr;jeju;;
jeollabuk-do;kr;jeollabuk-do;;
jeollanam-do;kr;jeollanam-do;;
sejong;kr;sejong;;
seoul;kr;seoul;;
ulsan;kr;ulsan;;
al ahmadi;kw;al ahmadi;;
al farwaniyah;kw;al farwaniyah;;
al jahrah;kw;al jahrah;;
al kuwayt;kw;al kuwayt;;
hawalli;kw;hawalli;;
mubarak al-kabeer;kw;mubarak al-kabeer;;
bodden town;ky;bodden town;;
cayman brac;ky;cayman brac;;
east end;ky;east end;;
george town;ky;george town;;
little cayman;ky;little cayman;;
north side;ky;north side;;
west bay;ky;west bay;;
almaty;kz;almaty;;
aqmola;kz;aqmola;;
aqtöbe;kz;aqtöbe;;
atyrau;kz;atyrau;;
east kazakhstan;kz;east kazakhstan;;
mangghystau;kz;mangghystau;;
north kazakhstan;kz;north kazakhstan;;
pavlodar;kz;pavlodar;;
qaraghandy;kz;qaraghandy;;
qostanay;kz;qostanay;;
qyzylorda;kz;qyzylorda;;
south kazakhstan;kz;south kazakhstan;;
west kazakhstan;kz;west kazakhstan;;
zhambyl;kz;zhambyl;;
attapu;la;attapu;;
bokeo;la;bokeo;;
bolikhamxai;la;bolikhamxai;;
champasak;la;champasak;;
houaphan;la;houaphan;;
khammouan;la;khammouan;;
louang namtha;la;louang namtha;;
louangphrabang;la;louangphrabang;;
oudômxai;la;oudômxai;;
phôngsali;la;phôngsali;;
saravan;la;saravan;;
savannakhét;la;savannakhét;;
vientiane;la;vientiane;;
vientiane [prefecture];la;vientiane [prefecture];;
xaignabouri;la;xaignabouri;;
xaisômboun;la;xaisômboun;;
xékong;la;xékong;;
xiangkhoang;la;xiangkhoang;;
lago nicaragua;la;lago nicaragua;;
akkar;lb;akkar;;
baalbak - hermel;lb;baalbak - hermel;;
beirut;lb;beirut;;
bekaa;lb;bekaa;;
mount lebanon;lb;mount lebanon;;
nabatiyeh;lb;nabatiyeh;;
north;lb;north;;
south;lb;south;;
anse-la-raye;lc;anse-la-raye;;
canaries;lc;canaries;;
castries;lc;castries;;
choiseul;lc;choiseul;;
dennery;lc;dennery;;
gros islet;lc;gros islet;;
laborie;lc;laborie;;
micoud;lc;micoud;;
soufrière;lc;soufrière;;
vieux fort;lc;vieux fort;;
balzers;li;balzers;;
eschen;li;eschen;;
gamprin;li;gamprin;;
mauren;li;mauren;;
planken;li;planken;;
ruggell;li;ruggell;;
schaan;li;schaan;;
schellenberg;li;schellenberg;;
triesen;li;triesen;;
triesenberg;li;triesenberg;;
valduz;li;valduz;;
ampara;lk;ampara;;
anuradhapura;lk;anuradhapura;;
badulla;lk;badulla;;
batticaloa;lk;batticaloa;;
colombo;lk;colombo;;
galle;lk;galle;;
gampaha;lk;gampaha;;
hambantota;lk;hambantota;;
jaffna;lk;jaffna;;
kalutara;lk;kalutara;;
kandy;lk;kandy;;
kegalle;lk;kegalle;;
kilinochchi;lk;kilinochchi;;
kurunegala;lk;kurunegala;;
mannar;lk;mannar;;
matale;lk;matale;;
matara;lk;matara;;
moneragala;lk;moneragala;;
mullaitivu;lk;mullaitivu;;
nuwara eliya;lk;nuwara eliya;;
polonnaruwa;lk;polonnaruwa;;
puttalam;lk;puttalam;;
ratnapura;lk;ratnapura;;
trincomalee;lk;trincomalee;;
vavuniya;lk;vavuniya;;
bomi;lr;bomi;;
bong;lr;bong;;
gbapolu;lr;gbapolu;;
grand cape mount;lr;grand cape mount;;
grandbassa;lr;grandbassa;;
grandgedeh;lr;grandgedeh;;
grandkru;lr;grandkru;;
lofa;lr;lofa;;
margibi;lr;margibi;;
maryland;lr;maryland;;
montserrado;lr;montserrado;;
nimba;lr;nimba;;
river cess;lr;river cess;;
river gee;lr;river gee;;
sinoe;lr;sinoe;;
berea;ls;berea;;
butha-buthe;ls;butha-buthe;;
leribe;ls;leribe;;
mafeteng;ls;mafeteng;;
maseru;ls;maseru;;
mohale's hoek;ls;mohale's hoek;;
mokhotlong;ls;mokhotlong;;
qacha's nek;ls;qacha's nek;;
quthing;ls;quthing;;
thaba-tseka;ls;thaba-tseka;;
alytaus;lt;alytaus;;
kauno;lt;kauno;;
klaipedos;lt;klaipedos;;
marijampoles;lt;marijampoles;;
panevezio;lt;panevezio;;
šiauliai;lt;šiauliai;;
taurages;lt;taurages;;
telšiai;lt;telšiai;;
utenos;lt;utenos;;
vilniaus;lt;vilniaus;;
diekirch;lu;diekirch;;
grevenmacher;lu;grevenmacher;;
luxembourg;lu;luxembourg;;
kurzeme;lv;kurzeme;;
latgale;lv;latgale;;
riga;lv;riga;;
vidzeme;lv;vidzeme;;
zemgale;lv;zemgale;;
al butnan;ly;al butnan;;
al jabal al akhdar;ly;al jabal al akhdar;;
al jabal al gharbi;ly;al jabal al gharbi;;
al jifarah;ly;al jifarah;;
al jufrah;ly;al jufrah;;
al kufrah;ly;al kufrah;;
al marj;ly;al marj;;
al marqab;ly;al marqab;;
al wahat;ly;al wahat;;
an nuqat al khams;ly;an nuqat al khams;;
az zawiyah;ly;az zawiyah;;
benghazi;ly;benghazi;;
darnah;ly;darnah;;
ghat;ly;ghat;;
misratah;ly;misratah;;
murzuq;ly;murzuq;;
nalut;ly;nalut;;
sabha;ly;sabha;;
surt;ly;surt;;
tripoli;ly;tripoli;;
wadi al hayat;ly;wadi al hayat;;
wadi ash shati';ly;wadi ash shati';;
chaouia - ouardigha;ma;chaouia - ouardigha;;
doukkala - abda;ma;doukkala - abda;;
fès - boulemane;ma;fès - boulemane;;
gharb - chrarda - béni hssen;ma;gharb - chrarda - béni hssen;;
grand casablanca;ma;grand casablanca;;
guelmim - es-semara;ma;guelmim - es-semara;;
laâyoune - boujdour - sakia el hamra;ma;laâyoune - boujdour - sakia el hamra;;
marrakech - tensift - al haouz;ma;marrakech - tensift - al haouz;;
meknès - tafilalet;ma;meknès - tafilalet;;
oriental;ma;oriental;;
rabat - salé - zemmour - zaer;ma;rabat - salé - zemmour - zaer;;
souss - massa - draâ;ma;souss - massa - draâ;;
tadla - azilal;ma;tadla - azilal;;
tanger - tétouan;ma;tanger - tétouan;;
taza - al hoceima - taounate;ma;taza - al hoceima - taounate;;
anenii noi;md;anenii noi;;
balti;md;balti;;
basarabeasca;md;basarabeasca;;
bender;md;bender;;
briceni;md;briceni;;
cahul;md;cahul;;
calarasi;md;calarasi;;
cantemir;md;cantemir;;
causeni;md;causeni;;
chisinau;md;chisinau;;
cimislia;md;cimislia;;
criuleni;md;criuleni;;
donduseni;md;donduseni;;
drochia;md;drochia;;
dubasari;md;dubasari;;
edinet;md;edinet;;
falesti;md;falesti;;
floresti;md;floresti;;
gagauzia;md;gagauzia;;
glodeni;md;glodeni;;
hîncesti;md;hîncesti;;
ialoveni;md;ialoveni;;
leova;md;leova;;
nisporeni;md;nisporeni;;
ocnita;md;ocnita;;
orhei;md;orhei;;
rezina;md;rezina;;
rîscani;md;rîscani;;
sîngerei;md;sîngerei;;
soldanesti;md;soldanesti;;
soroca;md;soroca;;
stefan voda;md;stefan voda;;
straseni;md;straseni;;
taraclia;md;taraclia;;
telenesti;md;telenesti;;
transnistria;md;transnistria;;
ungheni;md;ungheni;;
andrijevica;me;andrijevica;;
bar;me;bar;;
berane;me;berane;;
bijelo polje;me;bijelo polje;;
budva;me;budva;;
cetinje;me;cetinje;;
danilovgrad;me;danilovgrad;;
herceg novi;me;herceg novi;;
kolašin;me;kolašin;;
kotor;me;kotor;;
mojkovac;me;mojkovac;;
nikšic;me;nikšic;;
plav;me;plav;;
pljevlja;me;pljevlja;;
plužine;me;plužine;;
podgorica;me;podgorica;;
rožaje;me;rožaje;;
šavnik;me;šavnik;;
tivat;me;tivat;;
ulcinj;me;ulcinj;;
žabljak;me;žabljak;;
antananarivo;mg;antananarivo;;
antsiranana;mg;antsiranana;;
fianarantsoa;mg;fianarantsoa;;
mahajanga;mg;mahajanga;;
toamasina;mg;toamasina;;
toliary;mg;toliary;;
aerodrom;mk;aerodrom;;
aracinovo;mk;aracinovo;;
berovo;mk;berovo;;
bitola;mk;bitola;;
bogdanci;mk;bogdanci;;
bogovinje;mk;bogovinje;;
bosilovo;mk;bosilovo;;
brvenica;mk;brvenica;;
butel;mk;butel;;
cair;mk;cair;;
caška;mk;caška;;
centar;mk;centar;;
centar župa;mk;centar župa;;
cešinovo-obleševo;mk;cešinovo-obleševo;;
cucer sandevo;mk;cucer sandevo;;
debar;mk;debar;;
debarca;mk;debarca;;
delcevo;mk;delcevo;;
demir hisar;mk;demir hisar;;
demir kapija;mk;demir kapija;;
dolneni;mk;dolneni;;
drugovo;mk;drugovo;;
gazi baba;mk;gazi baba;;
gevgelija;mk;gevgelija;;
gjorce petrov;mk;gjorce petrov;;
gostivar;mk;gostivar;;
gradsko;mk;gradsko;;
ilinden;mk;ilinden;;
jegunovtse;mk;jegunovtse;;
karbinci;mk;karbinci;;
karpoš;mk;karpoš;;
kavadartsi;mk;kavadartsi;;
kicevo;mk;kicevo;;
kisela voda;mk;kisela voda;;
kocani;mk;kocani;;
konce;mk;konce;;
kratovo;mk;kratovo;;
kriva palanka;mk;kriva palanka;;
krivogaštani;mk;krivogaštani;;
kruševo;mk;kruševo;;
kumanovo;mk;kumanovo;;
lake ohrid;mk;lake ohrid;;
lipkovo;mk;lipkovo;;
lozovo;mk;lozovo;;
makedonska kamenica;mk;makedonska kamenica;;
makedonski brod;mk;makedonski brod;;
mavrovo and rostuša;mk;mavrovo and rostuša;;
mogila;mk;mogila;;
negotino;mk;negotino;;
novatsi;mk;novatsi;;
novo selo;mk;novo selo;;
ohrid;mk;ohrid;;
oslomej;mk;oslomej;;
pehcevo;mk;pehcevo;;
petrovec;mk;petrovec;;
plasnica;mk;plasnica;;
prilep;mk;prilep;;
probištip;mk;probištip;;
radoviš;mk;radoviš;;
rankovce;mk;rankovce;;
resen;mk;resen;;
rosoman;mk;rosoman;;
saraj;mk;saraj;;
sopište;mk;sopište;;
star dojran;mk;star dojran;;
staro nagoricane;mk;staro nagoricane;;
štip;mk;štip;;
struga;mk;struga;;
strumitsa;mk;strumitsa;;
studenicani;mk;studenicani;;
šuto orizari;mk;šuto orizari;;
sveti nikole;mk;sveti nikole;;
tearce;mk;tearce;;
tetovo;mk;tetovo;;
valandovo;mk;valandovo;;
vasilevo;mk;vasilevo;;
veles;mk;veles;;
vevcani;mk;vevcani;;
vinitsa;mk;vinitsa;;
vraneštica;mk;vraneštica;;
vrapcište;mk;vrapcište;;
zajas;mk;zajas;;
zelenikovo;mk;zelenikovo;;
želino;mk;želino;;
zrnovci;mk;zrnovci;;
bamako;ml;bamako;;
gao;ml;gao;;
kayes;ml;kayes;;
kidal;ml;kidal;;
koulikoro;ml;koulikoro;;
mopti;ml;mopti;;
ségou;ml;ségou;;
sikasso;ml;sikasso;;
timbuktu;ml;timbuktu;;
ayeyarwady;mm;ayeyarwady;;
bago;mm;bago;;
chin;mm;chin;;
kachin;mm;kachin;;
kayah;mm;kayah;;
kayin;mm;kayin;;
magway;mm;magway;;
mandalay;mm;mandalay;;
mon;mm;mon;;
naypyitaw;mm;naypyitaw;;
rakhine;mm;rakhine;;
sagaing;mm;sagaing;;
shan;mm;shan;;
tanintharyi;mm;tanintharyi;;
yangon;mm;yangon;;
arhangay;mn;arhangay;;
bayan-ölgiy;mn;bayan-ölgiy;;
bayanhongor;mn;bayanhongor;;
bulgan;mn;bulgan;;
darhan-uul;mn;darhan-uul;;
dornod;mn;dornod;;
dornogovi;mn;dornogovi;;
dundgovi;mn;dundgovi;;
dzavhan;mn;dzavhan;;
govi-altay;mn;govi-altay;;
govisümber;mn;govisümber;;
hentiy;mn;hentiy;;
hovd;mn;hovd;;
hövsgöl;mn;hövsgöl;;
ömnögovi;mn;ömnögovi;;
orhon;mn;orhon;;
övörhangay;mn;övörhangay;;
selenge;mn;selenge;;
sühbaatar;mn;sühbaatar;;
töv;mn;töv;;
ulaanbaatar;mn;ulaanbaatar;;
uvs;mn;uvs;;
ilhas;mo;ilhas;;
macau;mo;macau;;
northern islands;mp;northern islands;;
rota;mp;rota;;
saipan;mp;saipan;;
tinian;mp;tinian;;
fort-de-france;mq;fort-de-france;;
le marin;mq;le marin;;
le trinité;mq;le trinité;;
saint-pierre;mq;saint-pierre;;
adrar;mr;adrar;;
assaba;mr;assaba;;
brakna;mr;brakna;;
dakhlet nouadhibou;mr;dakhlet nouadhibou;;
gorgol;mr;gorgol;;
guidimaka;mr;guidimaka;;
hodh ech chargui;mr;hodh ech chargui;;
hodh el gharbi;mr;hodh el gharbi;;
inchiri;mr;inchiri;;
nouakchott;mr;nouakchott;;
tagant;mr;tagant;;
tiris zemmour;mr;tiris zemmour;;
trarza;mr;trarza;;
saint anthon;ms;saint anthon;;
saint georges;ms;saint georges;;
saint peter;ms;saint peter;;
centrali;mt;centrali;;
ghawdex;mt;ghawdex;;
nofsinhar;mt;nofsinhar;;
tramuntana;mt;tramuntana;;
xlokk;mt;xlokk;;
agalega islands;mu;agalega islands;;
black river;mu;black river;;
flacq;mu;flacq;;
grand port;mu;grand port;;
moka;mu;moka;;
pamplemousses;mu;pamplemousses;;
plaines wilhems;mu;plaines wilhems;;
port louis;mu;port louis;;
rivière du rempart;mu;rivière du rempart;;
rodriguez;mu;rodriguez;;
saint brandon ;mu;saint brandon ;;
savanne;mu;savanne;;
balaka;mw;balaka;;
blantyre;mw;blantyre;;
chikwawa;mw;chikwawa;;
chiradzulu;mw;chiradzulu;;
chitipa;mw;chitipa;;
dedza;mw;dedza;;
dowa;mw;dowa;;
karonga;mw;karonga;;
kasungu;mw;kasungu;;
likoma;mw;likoma;;
lilongwe;mw;lilongwe;;
machinga;mw;machinga;;
mangochi;mw;mangochi;;
mchinji;mw;mchinji;;
mulanje;mw;mulanje;;
mwanza;mw;mwanza;;
mzimba;mw;mzimba;;
neno;mw;neno;;
nkhata bay;mw;nkhata bay;;
nkhotakota;mw;nkhotakota;;
nsanje;mw;nsanje;;
ntcheu;mw;ntcheu;;
ntchisi;mw;ntchisi;;
phalombe;mw;phalombe;;
rumphi;mw;rumphi;;
salima;mw;salima;;
thyolo;mw;thyolo;;
zomba;mw;zomba;;
aguascalientes;mx;aguascalientes;;
baja california;mx;baja california;;
baja california sur;mx;baja california sur;;
campeche;mx;campeche;;
chiapas;mx;chiapas;;
chihuahua;mx;chihuahua;;
coahuila;mx;coahuila;;
colima;mx;colima;;
distrito federal;mx;distrito federal;;
durango;mx;durango;;
guanajuato;mx;guanajuato;;
guerrero;mx;guerrero;;
hidalgo;mx;hidalgo;;
jalisco;mx;jalisco;;
méxico;mx;méxico;;
michoacán;mx;michoacán;;
morelos;mx;morelos;;
nayarit;mx;nayarit;;
nuevo león;mx;nuevo león;;
oaxaca;mx;oaxaca;;
puebla;mx;puebla;;
querétaro;mx;querétaro;;
quintana roo;mx;quintana roo;;
san luis potosí;mx;san luis potosí;;
sinaloa;mx;sinaloa;;
sonora;mx;sonora;;
tabasco;mx;tabasco;;
tamaulipas;mx;tamaulipas;;
tlaxcala;mx;tlaxcala;;
veracruz;mx;veracruz;;
yucatán;mx;yucatán;;
zacatecas;mx;zacatecas;;
johor;my;johor;;
kedah;my;kedah;;
kelantan;my;kelantan;;
kuala lumpur;my;kuala lumpur;;
labuan;my;labuan;;
melaka;my;melaka;;
negeri sembilan;my;negeri sembilan;;
pahang;my;pahang;;
perak;my;perak;;
perlis;my;perlis;;
pulau pinang;my;pulau pinang;;
putrajaya;my;putrajaya;;
sabah;my;sabah;;
sarawak;my;sarawak;;
selangor;my;selangor;;
trengganu;my;trengganu;;
cabo delgado;mz;cabo delgado;;
gaza;mz;gaza;;
inhambane;mz;inhambane;;
manica;mz;manica;;
maputo;mz;maputo;;
maputo city;mz;maputo city;;
nampula;mz;nampula;;
nassa;mz;nassa;;
sofala;mz;sofala;;
tete;mz;tete;;
zambezia;mz;zambezia;;
!karas;na;!karas;;
erongo;na;erongo;;
hardap;na;hardap;;
kavango;na;kavango;;
khomas;na;khomas;;
kunene;na;kunene;;
ohangwena;na;ohangwena;;
omaheke;na;omaheke;;
omusati;na;omusati;;
oshana;na;oshana;;
oshikoto;na;oshikoto;;
otjozondjupa;na;otjozondjupa;;
zambezi;na;zambezi;;
îles loyauté;nc;îles loyauté;;
nord;nc;nord;;
sud;nc;sud;;
agadez;ne;agadez;;
diffa;ne;diffa;;
dosso;ne;dosso;;
maradi;ne;maradi;;
niamey;ne;niamey;;
tahoua;ne;tahoua;;
tillabéry;ne;tillabéry;;
zinder;ne;zinder;;
abia;ng;abia;;
adamawa;ng;adamawa;;
akwa ibom;ng;akwa ibom;;
anambra;ng;anambra;;
bauchi;ng;bauchi;;
bayelsa;ng;bayelsa;;
benue;ng;benue;;
borno;ng;borno;;
cross river;ng;cross river;;
delta;ng;delta;;
ebonyi;ng;ebonyi;;
edo;ng;edo;;
ekiti;ng;ekiti;;
enugu;ng;enugu;;
federal capital territory;ng;federal capital territory;;
gombe;ng;gombe;;
imo;ng;imo;;
jigawa;ng;jigawa;;
kaduna;ng;kaduna;;
kano;ng;kano;;
katsina;ng;katsina;;
kebbi;ng;kebbi;;
kogi;ng;kogi;;
kwara;ng;kwara;;
lagos;ng;lagos;;
nassarawa;ng;nassarawa;;
niger;ng;niger;;
ogun;ng;ogun;;
ondo;ng;ondo;;
osun;ng;osun;;
oyo;ng;oyo;;
plateau;ng;plateau;;
rivers;ng;rivers;;
sokoto;ng;sokoto;;
taraba;ng;taraba;;
yobe;ng;yobe;;
zamfara;ng;zamfara;;
atlántico norte;ni;atlántico norte;;
atlántico sur;ni;atlántico sur;;
boaco;ni;boaco;;
carazo;ni;carazo;;
chinandega;ni;chinandega;;
chontales;ni;chontales;;
estelí;ni;estelí;;
granada;ni;granada;;
jinotega;ni;jinotega;;
león;ni;león;;
madriz;ni;madriz;;
managua;ni;managua;;
masaya;ni;masaya;;
matagalpa;ni;matagalpa;;
nueva segovia;ni;nueva segovia;;
río san juan;ni;río san juan;;
rivas;ni;rivas;;
drenthe;nl;drenthe;;
flevoland;nl;flevoland;;
friesland;nl;friesland;;
gelderland;nl;gelderland;;
groningen;nl;groningen;;
ijsselmeer;nl;ijsselmeer;;
limburg;nl;limburg;;
noord-brabant;nl;noord-brabant;;
noord-holland;nl;noord-holland;;
overijssel;nl;overijssel;;
utrecht;nl;utrecht;;
zeeland;nl;zeeland;;
zeeuwse meren;nl;zeeuwse meren;;
zuid-holland;nl;zuid-holland;;
akershus;no;akershus;;
ãstfold;no;ãstfold;;
aust-agder;no;aust-agder;;
buskerud;no;buskerud;;
finnmark;no;finnmark;;
hedmark;no;hedmark;;
hordaland;no;hordaland;;
møre og romsdal;no;møre og romsdal;;
nord-trøndelag;no;nord-trøndelag;;
nordland;no;nordland;;
oppland;no;oppland;;
oslo;no;oslo;;
rogaland;no;rogaland;;
sogn og fjordane;no;sogn og fjordane;;
sør-trøndelag;no;sør-trøndelag;;
telemark;no;telemark;;
troms;no;troms;;
vest-agder;no;vest-agder;;
vestfold;no;vestfold;;
central;np;central;;
east;np;east;;
far-western;np;far-western;;
mid-western;np;mid-western;;
west;np;west;;
aiwo;nr;aiwo;;
anabar;nr;anabar;;
anetan;nr;anetan;;
anibare;nr;anibare;;
baiti;nr;baiti;;
boe;nr;boe;;
buada;nr;buada;;
denigomodu;nr;denigomodu;;
ewa;nr;ewa;;
ijuw;nr;ijuw;;
meneng;nr;meneng;;
nibok;nr;nibok;;
uaboe;nr;uaboe;;
yaren;nr;yaren;;
auckland;nz;auckland;;
bay of plenty;nz;bay of plenty;;
canterbury;nz;canterbury;;
chatham islands;nz;chatham islands;;
gisborne;nz;gisborne;;
hawke's bay;nz;hawke's bay;;
manawatu-wanganui;nz;manawatu-wanganui;;
marlborough;nz;marlborough;;
nelson;nz;nelson;;
northern islands;nz;northern islands;;
northland;nz;northland;;
otago;nz;otago;;
southern islands;nz;southern islands;;
southland;nz;southland;;
taranaki;nz;taranaki;;
tasman;nz;tasman;;
waikato;nz;waikato;;
wellington;nz;wellington;;
west coast;nz;west coast;;
ad dakhliyah;om;ad dakhliyah;;
al batinah north;om;al batinah north;;
al batinah south;om;al batinah south;;
al buraymi;om;al buraymi;;
al dhahira;om;al dhahira;;
al wusta;om;al wusta;;
ash sharqiyah north;om;ash sharqiyah north;;
ash sharqiyah south;om;ash sharqiyah south;;
dhofar;om;dhofar;;
musandam;om;musandam;;
muscat;om;muscat;;
bocas del toro;pa;bocas del toro;;
chiriquí;pa;chiriquí;;
coclé;pa;coclé;;
colón;pa;colón;;
darién;pa;darién;;
emberá;pa;emberá;;
herrera;pa;herrera;;
kuna yala;pa;kuna yala;;
los santos;pa;los santos;;
ngöbe buglé;pa;ngöbe buglé;;
panamá;pa;panamá;;
panamá oeste;pa;panamá oeste;;
veraguas;pa;veraguas;;
amazonas;pe;amazonas;;
ancash;pe;ancash;;
apurímac;pe;apurímac;;
arequipa;pe;arequipa;;
ayacucho;pe;ayacucho;;
cajamarca;pe;cajamarca;;
callao;pe;callao;;
cusco;pe;cusco;;
huancavelica;pe;huancavelica;;
huánuco;pe;huánuco;;
ica;pe;ica;;
junín;pe;junín;;
la libertad;pe;la libertad;;
lambayeque;pe;lambayeque;;
lima;pe;lima;;
lima province;pe;lima province;;
loreto;pe;loreto;;
madre de dios;pe;madre de dios;;
moquegua;pe;moquegua;;
pasco;pe;pasco;;
piura;pe;piura;;
puno;pe;puno;;
san martín;pe;san martín;;
tacna;pe;tacna;;
tumbes;pe;tumbes;;
ucayali;pe;ucayali;;
îles australes ;pf;îles australes ;;
îles du vent;pf;îles du vent;;
îles marquises;pf;îles marquises;;
îles sous-le-vent;pf;îles sous-le-vent;;
îles tuamotu-gambier;pf;îles tuamotu-gambier;;
bougainville;pg;bougainville;;
central;pg;central;;
chimbu;pg;chimbu;;
east new britain;pg;east new britain;;
east sepik;pg;east sepik;;
eastern highlands;pg;eastern highlands;;
enga;pg;enga;;
gulf;pg;gulf;;
hela;pg;hela;;
jiwaka;pg;jiwaka;;
madang;pg;madang;;
manus;pg;manus;;
milne bay;pg;milne bay;;
morobe;pg;morobe;;
national capital district;pg;national capital district;;
new ireland;pg;new ireland;;
oro;pg;oro;;
sandaun;pg;sandaun;;
southern highlands;pg;southern highlands;;
west new britain;pg;west new britain;;
western;pg;western;;
western highlands;pg;western highlands;;
abra;ph;abra;;
agusan del norte;ph;agusan del norte;;
agusan del sur;ph;agusan del sur;;
aklan;ph;aklan;;
albay;ph;albay;;
antique;ph;antique;;
apayao;ph;apayao;;
aurora;ph;aurora;;
basilan;ph;basilan;;
bataan;ph;bataan;;
batanes;ph;batanes;;
batangas;ph;batangas;;
benguet;ph;benguet;;
biliran;ph;biliran;;
bohol;ph;bohol;;
bukidnon;ph;bukidnon;;
bulacan;ph;bulacan;;
cagayan;ph;cagayan;;
camarines norte;ph;camarines norte;;
camarines sur;ph;camarines sur;;
camiguin;ph;camiguin;;
capiz;ph;capiz;;
catanduanes;ph;catanduanes;;
cavite;ph;cavite;;
cebu;ph;cebu;;
compostela valley;ph;compostela valley;;
davao del norte;ph;davao del norte;;
davao del sur;ph;davao del sur;;
davao oriental;ph;davao oriental;;
dinagat islands;ph;dinagat islands;;
eastern samar;ph;eastern samar;;
guimaras;ph;guimaras;;
ifugao;ph;ifugao;;
ilocos norte;ph;ilocos norte;;
ilocos sur;ph;ilocos sur;;
iloilo;ph;iloilo;;
isabela;ph;isabela;;
kalinga;ph;kalinga;;
la union;ph;la union;;
laguna;ph;laguna;;
lanao del norte;ph;lanao del norte;;
lanao del sur;ph;lanao del sur;;
leyte;ph;leyte;;
maguindanao;ph;maguindanao;;
marinduque;ph;marinduque;;
masbate;ph;masbate;;
metropolitan manila;ph;metropolitan manila;;
misamis occidental;ph;misamis occidental;;
misamis oriental;ph;misamis oriental;;
mountain province;ph;mountain province;;
negros occidental;ph;negros occidental;;
negros oriental;ph;negros oriental;;
north cotabato;ph;north cotabato;;
northern samar;ph;northern samar;;
nueva ecija;ph;nueva ecija;;
nueva vizcaya;ph;nueva vizcaya;;
occidental mindoro;ph;occidental mindoro;;
oriental mindoro;ph;oriental mindoro;;
palawan;ph;palawan;;
pampanga;ph;pampanga;;
pangasinan;ph;pangasinan;;
quezon;ph;quezon;;
quirino;ph;quirino;;
rizal;ph;rizal;;
romblon;ph;romblon;;
samar;ph;samar;;
sarangani;ph;sarangani;;
siquijor;ph;siquijor;;
sorsogon;ph;sorsogon;;
south cotabato;ph;south cotabato;;
southern leyte;ph;southern leyte;;
sultan kudarat;ph;sultan kudarat;;
sulu;ph;sulu;;
surigao del norte;ph;surigao del norte;;
surigao del sur;ph;surigao del sur;;
tarlac;ph;tarlac;;
tawi-tawi;ph;tawi-tawi;;
zambales;ph;zambales;;
zamboanga del norte;ph;zamboanga del norte;;
zamboanga del sur;ph;zamboanga del sur;;
zamboanga sibugay;ph;zamboanga sibugay;;
azad kashmir;pk;azad kashmir;;
baluchistan;pk;baluchistan;;
f.a.t.a.;pk;f.a.t.a.;;
f.c.t.;pk;f.c.t.;;
n.w.f.p.;pk;n.w.f.p.;;
northern areas;pk;northern areas;;
punjab;pk;punjab;;
sind;pk;sind;;
dolnoslaskie;pl;dolnoslaskie;;
kujawsko-pomorskie;pl;kujawsko-pomorskie;;
lódzkie;pl;lódzkie;;
lubelskie;pl;lubelskie;;
lubuskie;pl;lubuskie;;
malopolskie;pl;malopolskie;;
mazowieckie;pl;mazowieckie;;
opolskie;pl;opolskie;;
podkarpackie;pl;podkarpackie;;
podlaskie;pl;podlaskie;;
pomorskie;pl;pomorskie;;
slaskie;pl;slaskie;;
swietokrzyskie;pl;swietokrzyskie;;
warminsko-mazurskie;pl;warminsko-mazurskie;;
wielkopolskie;pl;wielkopolskie;;
zachodniopomorskie;pl;zachodniopomorskie;;
miquelon-langlade;pm;miquelon-langlade;;
saint-pierre;pm;saint-pierre;;
adjuntas;pr;adjuntas;;
aguada;pr;aguada;;
aguadilla;pr;aguadilla;;
aguas buenas;pr;aguas buenas;;
aibonito;pr;aibonito;;
añasco;pr;añasco;;
arecibo;pr;arecibo;;
arroyo;pr;arroyo;;
barceloneta;pr;barceloneta;;
barranquitas;pr;barranquitas;;
bayamón;pr;bayamón;;
cabo rojo;pr;cabo rojo;;
caguas;pr;caguas;;
camuy;pr;camuy;;
canóvanas;pr;canóvanas;;
carolina;pr;carolina;;
cataño;pr;cataño;;
cayey;pr;cayey;;
ceiba;pr;ceiba;;
ciales;pr;ciales;;
cidra;pr;cidra;;
coamo;pr;coamo;;
comerío;pr;comerío;;
corozal;pr;corozal;;
culebra;pr;culebra;;
dorado;pr;dorado;;
fajardo;pr;fajardo;;
florida;pr;florida;;
guánica;pr;guánica;;
guayama;pr;guayama;;
guayanilla;pr;guayanilla;;
guaynabo;pr;guaynabo;;
gurabo;pr;gurabo;;
hatillo;pr;hatillo;;
hormigueros;pr;hormigueros;;
humacao;pr;humacao;;
isabela;pr;isabela;;
jayuya;pr;jayuya;;
juana díaz;pr;juana díaz;;
juncos;pr;juncos;;
lajas;pr;lajas;;
lares;pr;lares;;
las marías;pr;las marías;;
las piedras;pr;las piedras;;
loíza;pr;loíza;;
luquillo;pr;luquillo;;
manatí;pr;manatí;;
maricao;pr;maricao;;
maunabo;pr;maunabo;;
mayagüez;pr;mayagüez;;
moca;pr;moca;;
morovis;pr;morovis;;
naguabo;pr;naguabo;;
naranjito;pr;naranjito;;
orocovis;pr;orocovis;;
patillas;pr;patillas;;
peñuelas;pr;peñuelas;;
ponce;pr;ponce;;
quebradillas;pr;quebradillas;;
rincón;pr;rincón;;
río grande;pr;río grande;;
sabana grande;pr;sabana grande;;
salinas;pr;salinas;;
san germán;pr;san germán;;
san juan;pr;san juan;;
san lorenzo;pr;san lorenzo;;
san sebastián;pr;san sebastián;;
santa isabel;pr;santa isabel;;
toa alta;pr;toa alta;;
toa baja;pr;toa baja;;
trujillo alto;pr;trujillo alto;;
utuado;pr;utuado;;
vega alta;pr;vega alta;;
vega baja;pr;vega baja;;
vieques;pr;vieques;;
villalba;pr;villalba;;
yabucoa;pr;yabucoa;;
yauco;pr;yauco;;
kumgangsan;pr;kumgangsan;;
sinuiju;pr;sinuiju;;
madeira;pr;madeira;;
gaza;ps;gaza;;
west bank;ps;west bank;;
aveiro;pt;aveiro;;
azores;pt;azores;;
beja;pt;beja;;
braga;pt;braga;;
bragança;pt;bragança;;
castelo branco;pt;castelo branco;;
coimbra;pt;coimbra;;
évora;pt;évora;;
faro;pt;faro;;
guarda;pt;guarda;;
leiria;pt;leiria;;
lisboa;pt;lisboa;;
portalegre;pt;portalegre;;
porto;pt;porto;;
santarém;pt;santarém;;
setúbal;pt;setúbal;;
viana do castelo;pt;viana do castelo;;
vila real;pt;vila real;;
viseu;pt;viseu;;
aimeliik;pw;aimeliik;;
airai;pw;airai;;
angaur;pw;angaur;;
hatohobei;pw;hatohobei;;
kayangel;pw;kayangel;;
koror;pw;koror;;
melekeok;pw;melekeok;;
ngaraard;pw;ngaraard;;
ngarchelong;pw;ngarchelong;;
ngardmau;pw;ngardmau;;
ngatpang;pw;ngatpang;;
ngchesar;pw;ngchesar;;
ngeremlengui;pw;ngeremlengui;;
ngiwal;pw;ngiwal;;
peleliu;pw;peleliu;;
sonsorol;pw;sonsorol;;
alto paraguay;py;alto paraguay;;
alto paraná;py;alto paraná;;
amambay;py;amambay;;
asunción;py;asunción;;
boquerón;py;boquerón;;
caaguazú;py;caaguazú;;
caazapá;py;caazapá;;
canindeyú;py;canindeyú;;
central;py;central;;
concepción;py;concepción;;
cordillera;py;cordillera;;
guairá;py;guairá;;
itapúa;py;itapúa;;
misiones;py;misiones;;
ñeembucú;py;ñeembucú;;
paraguarí;py;paraguarí;;
presidente hayes;py;presidente hayes;;
san pedro;py;san pedro;;
ad dawhah;qa;ad dawhah;;
al daayen;qa;al daayen;;
al khor;qa;al khor;;
al wakrah;qa;al wakrah;;
ar rayyan;qa;ar rayyan;;
madinat ash shamal;qa;madinat ash shamal;;
umm salal;qa;umm salal;;
saint-benoît;re;saint-benoît;;
saint-denis;re;saint-denis;;
saint-paul;re;saint-paul;;
saint-pierre;re;saint-pierre;;
alba;ro;alba;;
arad;ro;arad;;
NA;ro;NA;;
bacau;ro;bacau;;
bihor;ro;bihor;;
NA;ro;NA;;
NA;ro;NA;;
NA;ro;NA;;
braila;ro;braila;;
bucharest;ro;bucharest;;
buzau;ro;buzau;;
NA;ro;NA;;
NA;ro;NA;;
cluj;ro;cluj;;
NA;ro;NA;;
covasna;ro;covasna;;
NA;ro;NA;;
dolj;ro;dolj;;
NA;ro;NA;;
giurgiu;ro;giurgiu;;
gorj;ro;gorj;;
harghita;ro;harghita;;
hunedoara;ro;hunedoara;;
NA;ro;NA;;
NA;ro;NA;;
ilfov;ro;ilfov;;
NA;ro;NA;;
NA;ro;NA;;
NA;ro;NA;;
NA;ro;NA;;
olt;ro;olt;;
prahova;ro;prahova;;
salaj;ro;salaj;;
satu mare;ro;satu mare;;
sibiu;ro;sibiu;;
suceava;ro;suceava;;
teleorman;ro;teleorman;;
NA;ro;NA;;
tulcea;ro;tulcea;;
vâlcea;ro;vâlcea;;
vaslui;ro;vaslui;;
vrancea;ro;vrancea;;
borski;rs;borski;;
branicevski;rs;branicevski;;
grad beograd;rs;grad beograd;;
jablanicki;rs;jablanicki;;
južno-backi;rs;južno-backi;;
južno-banatski;rs;južno-banatski;;
kolubarski;rs;kolubarski;;
macvanski;rs;macvanski;;
moravicki;rs;moravicki;;
nišavski;rs;nišavski;;
pcinjski;rs;pcinjski;;
pirotski;rs;pirotski;;
podunavski;rs;podunavski;;
pomoravski;rs;pomoravski;;
rasinski;rs;rasinski;;
raški;rs;raški;;
severno-backi;rs;severno-backi;;
severno-banatski;rs;severno-banatski;;
srednje-banatski;rs;srednje-banatski;;
sremski;rs;sremski;;
šumadijski;rs;šumadijski;;
toplicki;rs;toplicki;;
zajecarski;rs;zajecarski;;
zapadno-backi;rs;zapadno-backi;;
zlatiborski;rs;zlatiborski;;
kosovska mitrovica;rs;kosovska mitrovica;;
pecki;rs;pecki;;
prizren;rs;prizren;;
adygey;ru;adygey;;
altay;ru;altay;;
amur;ru;amur;;
arkhangel'sk;ru;arkhangel'sk;;
astrakhan';ru;astrakhan';;
bashkortostan;ru;bashkortostan;;
belgorod;ru;belgorod;;
bryansk;ru;bryansk;;
buryat;ru;buryat;;
chechnya;ru;chechnya;;
chelyabinsk;ru;chelyabinsk;;
chukot;ru;chukot;;
chuvash;ru;chuvash;;
city of st. petersburg;ru;city of st. petersburg;;
dagestan;ru;dagestan;;
gorno-altay;ru;gorno-altay;;
ingush;ru;ingush;;
irkutsk;ru;irkutsk;;
ivanovo;ru;ivanovo;;
kabardin-balkar;ru;kabardin-balkar;;
kaliningrad;ru;kaliningrad;;
kalmyk;ru;kalmyk;;
kaluga;ru;kaluga;;
kamchatka;ru;kamchatka;;
karachay-cherkess;ru;karachay-cherkess;;
karelia;ru;karelia;;
kemerovo;ru;kemerovo;;
khabarovsk;ru;khabarovsk;;
khakass;ru;khakass;;
khanty-mansiy;ru;khanty-mansiy;;
kirov;ru;kirov;;
komi;ru;komi;;
kostroma;ru;kostroma;;
krasnodar;ru;krasnodar;;
krasnoyarsk;ru;krasnoyarsk;;
kurgan;ru;kurgan;;
kursk;ru;kursk;;
leningrad;ru;leningrad;;
lipetsk;ru;lipetsk;;
maga buryatdan;ru;maga buryatdan;;
mariy-el;ru;mariy-el;;
mordovia;ru;mordovia;;
moscow city;ru;moscow city;;
moskva;ru;moskva;;
murmansk;ru;murmansk;;
nenets;ru;nenets;;
nizhegorod;ru;nizhegorod;;
north ossetia;ru;north ossetia;;
novgorod;ru;novgorod;;
novosibirsk;ru;novosibirsk;;
omsk;ru;omsk;;
orel;ru;orel;;
orenburg;ru;orenburg;;
penza;ru;penza;;
perm';ru;perm';;
primor'ye;ru;primor'ye;;
pskov;ru;pskov;;
rostov;ru;rostov;;
ryazan';ru;ryazan';;
sakha;ru;sakha;;
sakhalin;ru;sakhalin;;
samara;ru;samara;;
saratov;ru;saratov;;
smolensk;ru;smolensk;;
stavropol';ru;stavropol';;
sverdlovsk;ru;sverdlovsk;;
tambov;ru;tambov;;
tatarstan;ru;tatarstan;;
tomsk;ru;tomsk;;
tula;ru;tula;;
tuva;ru;tuva;;
tver';ru;tver';;
tyumen';ru;tyumen';;
udmurt;ru;udmurt;;
ul'yanovsk;ru;ul'yanovsk;;
vladimir;ru;vladimir;;
volgograd;ru;volgograd;;
vologda;ru;vologda;;
voronezh;ru;voronezh;;
yamal-nenets;ru;yamal-nenets;;
yaroslavl';ru;yaroslavl';;
yevrey;ru;yevrey;;
zabaykal'ye;ru;zabaykal'ye;;
amajyaruguru;rw;amajyaruguru;;
amajyepfo;rw;amajyepfo;;
iburasirazuba;rw;iburasirazuba;;
iburengerazuba;rw;iburengerazuba;;
umujyi wa kigali;rw;umujyi wa kigali;;
`asir;sa;`asir;;
al bahah;sa;al bahah;;
al hudud ash shamaliyah;sa;al hudud ash shamaliyah;;
al jawf;sa;al jawf;;
al madinah;sa;al madinah;;
al quassim;sa;al quassim;;
ar riyad;sa;ar riyad;;
ash sharqiyah;sa;ash sharqiyah;;
ha'il;sa;ha'il;;
jizan;sa;jizan;;
makkah;sa;makkah;;
najran;sa;najran;;
tabuk;sa;tabuk;;
central;sb;central;;
choiseul;sb;choiseul;;
guadalcanal;sb;guadalcanal;;
honiara;sb;honiara;;
isabel;sb;isabel;;
makira ulawa;sb;makira ulawa;;
malaita;sb;malaita;;
rennell and bellona;sb;rennell and bellona;;
temotu;sb;temotu;;
western;sb;western;;
anse aux pins;sc;anse aux pins;;
anse boileau;sc;anse boileau;;
anse étoile;sc;anse étoile;;
anse royale;sc;anse royale;;
au cap;sc;au cap;;
baie lazare;sc;baie lazare;;
baie sainte anne;sc;baie sainte anne;;
beau vallon;sc;beau vallon;;
bel air;sc;bel air;;
belombre;sc;belombre;;
cascade;sc;cascade;;
english river;sc;english river;;
glacis;sc;glacis;;
grand' anse;sc;grand' anse;;
grand'anse praslin;sc;grand'anse praslin;;
la digue and inner islands;sc;la digue and inner islands;;
les mamelles;sc;les mamelles;;
mont buxton;sc;mont buxton;;
mont fleuri;sc;mont fleuri;;
outer islands;sc;outer islands;;
plaisance;sc;plaisance;;
pointe la rue;sc;pointe la rue;;
port glaud;sc;port glaud;;
roche caïman;sc;roche caïman;;
saint louis;sc;saint louis;;
takamaka;sc;takamaka;;
al jazirah;sd;al jazirah;;
al qadarif;sd;al qadarif;;
blue nile;sd;blue nile;;
central darfur;sd;central darfur;;
east darfur;sd;east darfur;;
kassala;sd;kassala;;
khartoum;sd;khartoum;;
north darfur;sd;north darfur;;
north kurdufan;sd;north kurdufan;;
northern;sd;northern;;
red sea;sd;red sea;;
river nile;sd;river nile;;
sennar;sd;sennar;;
south darfur;sd;south darfur;;
south kurdufan;sd;south kurdufan;;
west darfur;sd;west darfur;;
west kurdufan;sd;west kurdufan;;
white nile;sd;white nile;;
central equatoria;sd;central equatoria;;
eastern equatoria;sd;eastern equatoria;;
jungoli;sd;jungoli;;
lakes;sd;lakes;;
north bahr-al-ghazal;sd;north bahr-al-ghazal;;
unity;sd;unity;;
upper nile;sd;upper nile;;
warap;sd;warap;;
west bahr-al-ghazal;sd;west bahr-al-ghazal;;
west equatoria;sd;west equatoria;;
blekinge;se;blekinge;;
dalarna;se;dalarna;;
gävleborg;se;gävleborg;;
gotland;se;gotland;;
halland;se;halland;;
jämtland;se;jämtland;;
jönköping;se;jönköping;;
kalmar;se;kalmar;;
kronoberg;se;kronoberg;;
norrbotten;se;norrbotten;;
orebro;se;orebro;;
östergötland;se;östergötland;;
skåne;se;skåne;;
södermanland;se;södermanland;;
stockholm;se;stockholm;;
uppsala;se;uppsala;;
värmland;se;värmland;;
västerbotten;se;västerbotten;;
västernorrland;se;västernorrland;;
västmanland;se;västmanland;;
västra götaland;se;västra götaland;;
central;sg;central;;
east;sg;east;;
north;sg;north;;
north-east;sg;north-east;;
west;sg;west;;
ascension;sh;ascension;;
saint helena;sh;saint helena;;
tristan da cunha;sh;tristan da cunha;;
gorenjska;si;gorenjska;;
goriška;si;goriška;;
koroška;si;koroška;;
notranjsko-kraška;si;notranjsko-kraška;;
obalno-kraška;si;obalno-kraška;;
osrednjeslovenska;si;osrednjeslovenska;;
podravska;si;podravska;;
pomurska;si;pomurska;;
savinjska;si;savinjska;;
spodnjeposavska;si;spodnjeposavska;;
zasavska;si;zasavska;;
jan mayen;sj;jan mayen;;
svalbard;sj;svalbard;;
banskobystrický;sk;banskobystrický;;
bratislavský;sk;bratislavský;;
košický;sk;košický;;
nitriansky;sk;nitriansky;;
prešovský;sk;prešovský;;
trenciansky;sk;trenciansky;;
trnavský;sk;trnavský;;
žilinský;sk;žilinský;;
eastern;sl;eastern;;
northern;sl;northern;;
southern;sl;southern;;
western;sl;western;;
acquaviva;sm;acquaviva;;
borgo maggiore;sm;borgo maggiore;;
chiesanuova;sm;chiesanuova;;
domagnano;sm;domagnano;;
faetano;sm;faetano;;
fiorentino;sm;fiorentino;;
montegiardino;sm;montegiardino;;
san marino;sm;san marino;;
serravalle;sm;serravalle;;
dakar;sn;dakar;;
diourbel;sn;diourbel;;
fatick;sn;fatick;;
kaffrine;sn;kaffrine;;
kaolack;sn;kaolack;;
kédougou;sn;kédougou;;
kolda;sn;kolda;;
louga;sn;louga;;
matam;sn;matam;;
saint-louis;sn;saint-louis;;
sédhiou;sn;sédhiou;;
tambacounda;sn;tambacounda;;
thiès;sn;thiès;;
ziguinchor;sn;ziguinchor;;
awdal;so;awdal;;
bakool;so;bakool;;
banaadir;so;banaadir;;
bari;so;bari;;
bay;so;bay;;
galguduud;so;galguduud;;
gedo;so;gedo;;
hiiraan;so;hiiraan;;
jubbada dhexe;so;jubbada dhexe;;
jubbada hoose;so;jubbada hoose;;
mudug;so;mudug;;
nugaal;so;nugaal;;
sanaag;so;sanaag;;
shabeellaha dhexe;so;shabeellaha dhexe;;
shabeellaha hoose;so;shabeellaha hoose;;
sool;so;sool;;
togdheer;so;togdheer;;
woqooyi galbeed;so;woqooyi galbeed;;
brokopondo;sr;brokopondo;;
commewijne;sr;commewijne;;
coronie;sr;coronie;;
marowijne;sr;marowijne;;
nickerie;sr;nickerie;;
para;sr;para;;
paramaribo;sr;paramaribo;;
saramacca;sr;saramacca;;
sipaliwini;sr;sipaliwini;;
wanica;sr;wanica;;
príncipe;st;príncipe;;
são tomé;st;são tomé;;
ahuachapán;sv;ahuachapán;;
cabañas;sv;cabañas;;
chalatenango;sv;chalatenango;;
cuscatlán;sv;cuscatlán;;
la libertad;sv;la libertad;;
la paz;sv;la paz;;
la unión;sv;la unión;;
morazán;sv;morazán;;
san miguel;sv;san miguel;;
san salvador;sv;san salvador;;
san vicente;sv;san vicente;;
santa ana;sv;santa ana;;
sonsonate;sv;sonsonate;;
usulután;sv;usulután;;
jugovzhodna slovenija;sv;jugovzhodna slovenija;;
NA;sy;NA;;
aleppo;sy;aleppo;;
ar raqqah;sy;ar raqqah;;
as suwayda';sy;as suwayda';;
damascus;sy;damascus;;
dar`a;sy;dar`a;;
dayr az zawr;sy;dayr az zawr;;
hamah;sy;hamah;;
hims;sy;hims;;
idlib;sy;idlib;;
lattakia;sy;lattakia;;
quneitra;sy;quneitra;;
rif dimashq;sy;rif dimashq;;
tartus;sy;tartus;;
hhohho;sz;hhohho;;
lubombo;sz;lubombo;;
manzini;sz;manzini;;
shiselweni;sz;shiselweni;;
grand turk;tc;grand turk;;
middle caicos;tc;middle caicos;;
north caicos;tc;north caicos;;
providenciales and west caicos;tc;providenciales and west caicos;;
salt cay;tc;salt cay;;
south caicos and east caicos;tc;south caicos and east caicos;;
barh el ghazel;td;barh el ghazel;;
batha;td;batha;;
borkou;td;borkou;;
chari-baguirmi;td;chari-baguirmi;;
ennedi est;td;ennedi est;;
ennedi ouest;td;ennedi ouest;;
guéra;td;guéra;;
hadjer-lamis;td;hadjer-lamis;;
kanem;td;kanem;;
lac;td;lac;;
logone occidental;td;logone occidental;;
logone oriental;td;logone oriental;;
mandoul;td;mandoul;;
mayo-kebbi est;td;mayo-kebbi est;;
mayo-kebbi ouest;td;mayo-kebbi ouest;;
moyen-chari;td;moyen-chari;;
ouaddaï;td;ouaddaï;;
salamat;td;salamat;;
sila;td;sila;;
tandjilé;td;tandjilé;;
tibesti;td;tibesti;;
ville de n'djamena;td;ville de n'djamena;;
wadi fira;td;wadi fira;;
îles crozet;tf;îles crozet;;
îles saint paul et amsterdam;tf;îles saint paul et amsterdam;;
kerguelen;tf;kerguelen;;
centre;tg;centre;;
kara;tg;kara;;
maritime;tg;maritime;;
plateaux;tg;plateaux;;
savanes;tg;savanes;;
amnat charoen;th;amnat charoen;;
ang thong;th;ang thong;;
bangkok metropolis;th;bangkok metropolis;;
bueng kan;th;bueng kan;;
buri ram;th;buri ram;;
chachoengsao;th;chachoengsao;;
chai nat;th;chai nat;;
chaiyaphum;th;chaiyaphum;;
chanthaburi;th;chanthaburi;;
chiang mai;th;chiang mai;;
chiang rai;th;chiang rai;;
chon buri;th;chon buri;;
chumphon;th;chumphon;;
kalasin;th;kalasin;;
kamphaeng phet;th;kamphaeng phet;;
kanchanaburi;th;kanchanaburi;;
khon kaen;th;khon kaen;;
krabi;th;krabi;;
lampang;th;lampang;;
lamphun;th;lamphun;;
loei;th;loei;;
lop buri;th;lop buri;;
mae hong son;th;mae hong son;;
maha sarakham;th;maha sarakham;;
mukdahan;th;mukdahan;;
nakhon nayok;th;nakhon nayok;;
nakhon pathom;th;nakhon pathom;;
nakhon phanom;th;nakhon phanom;;
nakhon ratchasima;th;nakhon ratchasima;;
nakhon sawan;th;nakhon sawan;;
nakhon si thammarat;th;nakhon si thammarat;;
nan;th;nan;;
narathiwat;th;narathiwat;;
nong bua lam phu;th;nong bua lam phu;;
nong khai;th;nong khai;;
nonthaburi;th;nonthaburi;;
pathum thani;th;pathum thani;;
pattani;th;pattani;;
phangnga;th;phangnga;;
phatthalung;th;phatthalung;;
phayao;th;phayao;;
phetchabun;th;phetchabun;;
phetchaburi;th;phetchaburi;;
phichit;th;phichit;;
phitsanulok;th;phitsanulok;;
phra nakhon si ayutthaya;th;phra nakhon si ayutthaya;;
phrae;th;phrae;;
phuket;th;phuket;;
prachin buri;th;prachin buri;;
prachuap khiri khan;th;prachuap khiri khan;;
ranong;th;ranong;;
ratchaburi;th;ratchaburi;;
rayong;th;rayong;;
roi et;th;roi et;;
sa kaeo;th;sa kaeo;;
sakon nakhon;th;sakon nakhon;;
samut prakan;th;samut prakan;;
samut sakhon;th;samut sakhon;;
samut songkhram;th;samut songkhram;;
saraburi;th;saraburi;;
satun;th;satun;;
si sa ket;th;si sa ket;;
sing buri;th;sing buri;;
songkhla;th;songkhla;;
sukhothai;th;sukhothai;;
suphan buri;th;suphan buri;;
surat thani;th;surat thani;;
surin;th;surin;;
tak;th;tak;;
trang;th;trang;;
trat;th;trat;;
ubon ratchathani;th;ubon ratchathani;;
udon thani;th;udon thani;;
uthai thani;th;uthai thani;;
uttaradit;th;uttaradit;;
yala;th;yala;;
yasothon;th;yasothon;;
dushanbe;tj;dushanbe;;
gorno-badakhshan;tj;gorno-badakhshan;;
khatlon;tj;khatlon;;
leninabad;tj;leninabad;;
tadzhikistan territories;tj;tadzhikistan territories;;
anafu;tk;anafu;;
fakaofo;tk;fakaofo;;
nukunonu;tk;nukunonu;;
ahal;tm;ahal;;
asgabat;tm;asgabat;;
balkan;tm;balkan;;
chardzhou;tm;chardzhou;;
mary;tm;mary;;
tashauz;tm;tashauz;;
ariana;tn;ariana;;
béja;tn;béja;;
ben arous (tunis sud);tn;ben arous (tunis sud);;
bizerte;tn;bizerte;;
gabès;tn;gabès;;
gafsa;tn;gafsa;;
jendouba;tn;jendouba;;
kairouan;tn;kairouan;;
kassérine;tn;kassérine;;
kebili;tn;kebili;;
le kef;tn;le kef;;
mahdia;tn;mahdia;;
manubah;tn;manubah;;
médenine;tn;médenine;;
monastir;tn;monastir;;
nabeul;tn;nabeul;;
sfax;tn;sfax;;
sidi bou zid;tn;sidi bou zid;;
siliana;tn;siliana;;
sousse;tn;sousse;;
tataouine;tn;tataouine;;
tozeur;tn;tozeur;;
tunis;tn;tunis;;
zaghouan;tn;zaghouan;;
'eua;to;'eua;;
ha'apai;to;ha'apai;;
niuas;to;niuas;;
tongatapu;to;tongatapu;;
vava'u;to;vava'u;;
aileu;tp;aileu;;
ainaro;tp;ainaro;;
ambeno;tp;ambeno;;
baucau;tp;baucau;;
bobonaro;tp;bobonaro;;
covalima;tp;covalima;;
dili;tp;dili;;
ermera;tp;ermera;;
lautém;tp;lautém;;
liquiçá;tp;liquiçá;;
manatuto;tp;manatuto;;
manufahi;tp;manufahi;;
viqueque;tp;viqueque;;
adana;tr;adana;;
adiyaman;tr;adiyaman;;
afyon;tr;afyon;;
agri;tr;agri;;
aksaray;tr;aksaray;;
amasya;tr;amasya;;
ankara;tr;ankara;;
antalya;tr;antalya;;
ardahan;tr;ardahan;;
artvin;tr;artvin;;
aydin;tr;aydin;;
balikesir;tr;balikesir;;
bartin;tr;bartin;;
batman;tr;batman;;
bayburt;tr;bayburt;;
bilecik;tr;bilecik;;
bingöl;tr;bingöl;;
bitlis;tr;bitlis;;
bolu;tr;bolu;;
burdur;tr;burdur;;
bursa;tr;bursa;;
çanakkale;tr;çanakkale;;
çankiri;tr;çankiri;;
çorum;tr;çorum;;
denizli;tr;denizli;;
diyarbakir;tr;diyarbakir;;
düzce;tr;düzce;;
edirne;tr;edirne;;
elazig;tr;elazig;;
erzincan;tr;erzincan;;
erzurum;tr;erzurum;;
eskisehir;tr;eskisehir;;
gaziantep;tr;gaziantep;;
giresun;tr;giresun;;
gümüshane;tr;gümüshane;;
hakkari;tr;hakkari;;
hatay;tr;hatay;;
igdir;tr;igdir;;
isparta;tr;isparta;;
istanbul;tr;istanbul;;
izmir;tr;izmir;;
k. maras;tr;k. maras;;
karabük;tr;karabük;;
karaman;tr;karaman;;
kars;tr;kars;;
kastamonu;tr;kastamonu;;
kayseri;tr;kayseri;;
kilis;tr;kilis;;
kinkkale;tr;kinkkale;;
kirklareli;tr;kirklareli;;
kirsehir;tr;kirsehir;;
kocaeli;tr;kocaeli;;
konya;tr;konya;;
kütahya;tr;kütahya;;
malatya;tr;malatya;;
manisa;tr;manisa;;
mardin;tr;mardin;;
mersin;tr;mersin;;
mugla;tr;mugla;;
mus;tr;mus;;
nevsehir;tr;nevsehir;;
nigde;tr;nigde;;
ordu;tr;ordu;;
osmaniye;tr;osmaniye;;
rize;tr;rize;;
sakarya;tr;sakarya;;
samsun;tr;samsun;;
sanliurfa;tr;sanliurfa;;
siirt;tr;siirt;;
sinop;tr;sinop;;
sirnak;tr;sirnak;;
sivas;tr;sivas;;
tekirdag;tr;tekirdag;;
tokat;tr;tokat;;
trabzon;tr;trabzon;;
tunceli;tr;tunceli;;
usak;tr;usak;;
van;tr;van;;
yalova;tr;yalova;;
yozgat;tr;yozgat;;
zinguldak;tr;zinguldak;;
arima;tt;arima;;
chaguanas;tt;chaguanas;;
couva-tabaquite-talparo;tt;couva-tabaquite-talparo;;
diego martin;tt;diego martin;;
mayaro/rio claro;tt;mayaro/rio claro;;
penal-debe;tt;penal-debe;;
point fortin;tt;point fortin;;
port of spain;tt;port of spain;;
princes town;tt;princes town;;
san fernando;tt;san fernando;;
san juan-laventille;tt;san juan-laventille;;
sangre grande;tt;sangre grande;;
siparia;tt;siparia;;
tobago;tt;tobago;;
tunapuna/piarco;tt;tunapuna/piarco;;
funafuti;tv;funafuti;;
nanumanga;tv;nanumanga;;
nanumea;tv;nanumea;;
niulakita;tv;niulakita;;
niutao;tv;niutao;;
nui;tv;nui;;
nukufetau;tv;nukufetau;;
nukulaelae;tv;nukulaelae;;
vaitupu;tv;vaitupu;;
fujian;tw;fujian;kaohsiung;
kaohsiung;tw;kaohsiung;new taipei;
new taipei;tw;new taipei;taichung;
taichung;tw;taichung;tainan;
tainan;tw;tainan;taipei;
taipei;tw;taipei;taiwan;
taiwan;tw;taiwan;taiwan;
arusha;tz;arusha;;
dar es salaam;tz;dar es salaam;;
dodoma;tz;dodoma;;
geita;tz;geita;;
iringa;tz;iringa;;
kagera;tz;kagera;;
katavi;tz;katavi;;
kigoma;tz;kigoma;;
kilimanjaro;tz;kilimanjaro;;
lindi;tz;lindi;;
manyara;tz;manyara;;
mara;tz;mara;;
mbeya;tz;mbeya;;
morogoro;tz;morogoro;;
mtwara;tz;mtwara;;
mwanza;tz;mwanza;;
njombe;tz;njombe;;
pemba north;tz;pemba north;;
pemba south;tz;pemba south;;
pwani;tz;pwani;;
rukwa;tz;rukwa;;
ruvuma;tz;ruvuma;;
shinyanga;tz;shinyanga;;
simiyu;tz;simiyu;;
singida;tz;singida;;
tabora;tz;tabora;;
tanga;tz;tanga;;
zanzibar north;tz;zanzibar north;;
zanzibar south and central;tz;zanzibar south and central;;
zanzibar west;tz;zanzibar west;;
cherkasy;ua;cherkasy;;
chernihiv;ua;chernihiv;;
chernivtsi;ua;chernivtsi;;
crimea;ua;crimea;;
dnipropetrovs'k;ua;dnipropetrovs'k;;
donets'k;ua;donets'k;;
ivano-frankivs'k;ua;ivano-frankivs'k;;
kharkiv;ua;kharkiv;;
kherson;ua;kherson;;
khmel'nyts'kyy;ua;khmel'nyts'kyy;;
kiev;ua;kiev;;
kiev city;ua;kiev city;;
kirovohrad;ua;kirovohrad;;
l'viv;ua;l'viv;;
luhans'k;ua;luhans'k;;
mykolayiv;ua;mykolayiv;;
odessa;ua;odessa;;
poltava;ua;poltava;;
rivne;ua;rivne;;
sevastopol';ua;sevastopol';;
sumy;ua;sumy;;
ternopil';ua;ternopil';;
transcarpathia;ua;transcarpathia;;
vinnytsya;ua;vinnytsya;;
volyn;ua;volyn;;
zaporizhzhya;ua;zaporizhzhya;;
zhytomyr;ua;zhytomyr;;
adjumani;ug;adjumani;;
apac;ug;apac;;
arua;ug;arua;;
bugiri;ug;bugiri;;
bundibugyo;ug;bundibugyo;;
bushenyi;ug;bushenyi;;
busia;ug;busia;;
gulu;ug;gulu;;
hoima;ug;hoima;;
iganga;ug;iganga;;
jinja;ug;jinja;;
kabale;ug;kabale;;
kabarole;ug;kabarole;;
kaberamaido;ug;kaberamaido;;
kalangala;ug;kalangala;;
kampala;ug;kampala;;
kamuli;ug;kamuli;;
kamwenge;ug;kamwenge;;
kanungu;ug;kanungu;;
kapchorwa;ug;kapchorwa;;
kasese;ug;kasese;;
katakwi;ug;katakwi;;
kayunga;ug;kayunga;;
kibale;ug;kibale;;
kiboga;ug;kiboga;;
kisoro;ug;kisoro;;
kitgum;ug;kitgum;;
kotido;ug;kotido;;
kumi;ug;kumi;;
kyenjojo;ug;kyenjojo;;
lake albert;ug;lake albert;;
lake victoria;ug;lake victoria;;
lira;ug;lira;;
luwero;ug;luwero;;
masaka;ug;masaka;;
masindi;ug;masindi;;
mayuge;ug;mayuge;;
mbale;ug;mbale;;
mbarara;ug;mbarara;;
moroto;ug;moroto;;
moyo;ug;moyo;;
mpigi;ug;mpigi;;
mubende;ug;mubende;;
mukono;ug;mukono;;
nakapiripirit;ug;nakapiripirit;;
nakasongola;ug;nakasongola;;
nebbi;ug;nebbi;;
ntungamo;ug;ntungamo;;
pader;ug;pader;;
pallisa;ug;pallisa;;
rakai;ug;rakai;;
rukungiri;ug;rukungiri;;
sembabule;ug;sembabule;;
sironko;ug;sironko;;
soroti;ug;soroti;;
tororo;ug;tororo;;
wakiso;ug;wakiso;;
yumbe;ug;yumbe;;
baker;us;baker;;
howland;us;howland;;
jarvis island;us;jarvis island;;
johnston;us;johnston;;
kingman reef;us;kingman reef;;
midway;us;midway;;
navassa;us;navassa;;
palmyra;us;palmyra;;
wake;us;wake;;
alabama;us;alabama;;
alaska;us;alaska;;
arizona;us;arizona;;
arkansas;us;arkansas;;
california;us;california;;
colorado;us;colorado;;
connecticut;us;connecticut;;
delaware;us;delaware;;
district of columbia;us;district of columbia;;
florida;us;florida;;
georgia;us;georgia;;
hawaii;us;hawaii;;
idaho;us;idaho;;
illinois;us;illinois;;
indiana;us;indiana;;
iowa;us;iowa;;
kansas;us;kansas;;
kentucky;us;kentucky;;
louisiana;us;louisiana;;
maine;us;maine;;
maryland;us;maryland;;
massachusetts;us;massachusetts;;
michigan;us;michigan;;
minnesota;us;minnesota;;
mississippi;us;mississippi;;
missouri;us;missouri;;
montana;us;montana;;
nebraska;us;nebraska;;
nevada;us;nevada;;
new hampshire;us;new hampshire;;
new jersey;us;new jersey;;
new mexico;us;new mexico;;
new york;us;new york;;
north carolina;us;north carolina;;
north dakota;us;north dakota;;
ohio;us;ohio;;
oklahoma;us;oklahoma;;
oregon;us;oregon;;
pennsylvania;us;pennsylvania;;
rhode island;us;rhode island;;
south carolina;us;south carolina;;
south dakota;us;south dakota;;
tennessee;us;tennessee;;
texas;us;texas;;
utah;us;utah;;
vermont;us;vermont;;
virginia;us;virginia;;
washington;us;washington;;
west virginia;us;west virginia;;
wisconsin;us;wisconsin;;
wyoming;us;wyoming;;
artigas;uy;artigas;;
canelones;uy;canelones;;
cerro largo;uy;cerro largo;;
colonia;uy;colonia;;
durazno;uy;durazno;;
flores;uy;flores;;
florida;uy;florida;;
lavalleja;uy;lavalleja;;
maldonado;uy;maldonado;;
montevideo;uy;montevideo;;
paysandú;uy;paysandú;;
río negro;uy;río negro;;
rivera;uy;rivera;;
rocha;uy;rocha;;
salto;uy;salto;;
san josé;uy;san josé;;
soriano;uy;soriano;;
tacuarembó;uy;tacuarembó;;
treinta y tres;uy;treinta y tres;;
andijon;uz;andijon;;
bukhoro;uz;bukhoro;;
ferghana;uz;ferghana;;
jizzakh;uz;jizzakh;;
karakalpakstan;uz;karakalpakstan;;
kashkadarya;uz;kashkadarya;;
khorezm;uz;khorezm;;
namangan;uz;namangan;;
navoi;uz;navoi;;
samarkand;uz;samarkand;;
sirdaryo;uz;sirdaryo;;
surkhandarya;uz;surkhandarya;;
tashkent;uz;tashkent;;
tashkent city;uz;tashkent city;;
charlotte;vc;charlotte;;
grenadines;vc;grenadines;;
saint andrew;vc;saint andrew;;
saint david;vc;saint david;;
saint george;vc;saint george;;
saint patrick;vc;saint patrick;;
amazonas;ve;amazonas;;
anzoátegui;ve;anzoátegui;;
apure;ve;apure;;
aragua;ve;aragua;;
barinas;ve;barinas;;
bolívar;ve;bolívar;;
carabobo;ve;carabobo;;
cojedes;ve;cojedes;;
delta amacuro;ve;delta amacuro;;
dependencias federales;ve;dependencias federales;;
distrito capital;ve;distrito capital;;
falcón;ve;falcón;;
guárico;ve;guárico;;
lara;ve;lara;;
mérida;ve;mérida;;
miranda;ve;miranda;;
monagas;ve;monagas;;
nueva esparta;ve;nueva esparta;;
portuguesa;ve;portuguesa;;
sucre;ve;sucre;;
táchira;ve;táchira;;
trujillo;ve;trujillo;;
vargas;ve;vargas;;
yaracuy;ve;yaracuy;;
zulia;ve;zulia;;
anegada;vg;anegada;;
jost van dyke;vg;jost van dyke;;
other islands;vg;other islands;;
tortola;vg;tortola;;
virgin gorda;vg;virgin gorda;;
saint croix;vi;saint croix;;
saint john;vi;saint john;;
saint thomas;vi;saint thomas;;
an giang;vn;an giang;;
NA;vn;NA;;
NA;vn;NA;;
NA;vn;NA;;
NA;vn;NA;;
NA;vn;NA;;
NA;vn;NA;;
NA;vn;NA;;
bình duong;vn;bình duong;;
NA;vn;NA;;
NA;vn;NA;;
NA;vn;NA;;
cà mau;vn;cà mau;;
NA;vn;NA;;
NA;vn;NA;;
NA;vn;NA;;
NA;vn;NA;;
NA;vn;NA;;
NA;vn;NA;;
NA;vn;NA;;
gia lai;vn;gia lai;;
NA;vn;NA;;
NA;vn;NA;;
NA;vn;NA;;
NA;vn;NA;;
hà giang;vn;hà giang;;
NA;vn;NA;;
hà nam;vn;hà nam;;
hà tinh;vn;hà tinh;;
hoà bình;vn;hoà bình;;
hung yên;vn;hung yên;;
khánh hòa;vn;khánh hòa;;
kiên giang;vn;kiên giang;;
kon tum;vn;kon tum;;
NA;vn;NA;;
lai châu;vn;lai châu;;
NA;vn;NA;;
lào cai;vn;lào cai;;
long an;vn;long an;;
NA;vn;NA;;
NA;vn;NA;;
ninh bình;vn;ninh bình;;
NA;vn;NA;;
NA;vn;NA;;
phú yên;vn;phú yên;;
NA;vn;NA;;
NA;vn;NA;;
NA;vn;NA;;
NA;vn;NA;;
NA;vn;NA;;
sóc trang;vn;sóc trang;;
son la;vn;son la;;
tây ninh;vn;tây ninh;;
NA;vn;NA;;
thái bình;vn;thái bình;;
thái nguyên;vn;thái nguyên;;
thanh hóa;vn;thanh hóa;;
NA;vn;NA;;
trà vinh;vn;trà vinh;;
tuyên quang;vn;tuyên quang;;
vinh long;vn;vinh long;;
vinh phúc;vn;vinh phúc;;
yên bái;vn;yên bái;;
malampa;vu;malampa;;
penama;vu;penama;;
sanma;vu;sanma;;
shefa;vu;shefa;;
tafea;vu;tafea;;
torba;vu;torba;;
alo;wf;alo;;
singave;wf;singave;;
uvéa;wf;uvéa;;
a'ana;ws;a'ana;;
aiga-i-le-tai;ws;aiga-i-le-tai;;
atua;ws;atua;;
fa'asaleleaga;ws;fa'asaleleaga;;
gaga'emauga;ws;gaga'emauga;;
gagaifomauga;ws;gagaifomauga;;
palauli;ws;palauli;;
satupa'itea;ws;satupa'itea;;
tuamasaga;ws;tuamasaga;;
va'a-o-fonoti;ws;va'a-o-fonoti;;
vaisigano;ws;vaisigano;;
akrotiri;xa;akrotiri;;
dhekelia;xa;dhekelia;;
ðakovica;xk;ðakovica;;
gnjilane;xk;gnjilane;;
pristina;xk;pristina;;
uroševac;xk;uroševac;;
`adan;ye;`adan;;
abyan;ye;abyan;;
al bayda';ye;al bayda';;
al dali';ye;al dali';;
al hudaydah;ye;al hudaydah;;
al jawf;ye;al jawf;;
al mahrah;ye;al mahrah;;
al mahwit;ye;al mahwit;;
amanat al asimah;ye;amanat al asimah;;
amran;ye;amran;;
dhamar;ye;dhamar;;
hadramawt;ye;hadramawt;;
hajjah;ye;hajjah;;
ibb;ye;ibb;;
lahij;ye;lahij;;
ma'rib;ye;ma'rib;;
raymah;ye;raymah;;
sa`dah;ye;sa`dah;;
san`a';ye;san`a';;
shabwah;ye;shabwah;;
ta`izz;ye;ta`izz;;
acoua;yt;acoua;;
bandraboua;yt;bandraboua;;
bandrele;yt;bandrele;;
boueni;yt;boueni;;
chiconi;yt;chiconi;;
chirongui;yt;chirongui;;
dembeni;yt;dembeni;;
dzaoudzi;yt;dzaoudzi;;
kani-keli;yt;kani-keli;;
koungou;yt;koungou;;
m'tsangamouji;yt;m'tsangamouji;;
mamoudzou;yt;mamoudzou;;
mtsamboro;yt;mtsamboro;;
ouangani;yt;ouangani;;
pamandzi;yt;pamandzi;;
sada;yt;sada;;
tsingoni;yt;tsingoni;;
eastern cape;za;eastern cape;;
free state;za;free state;;
gauteng;za;gauteng;;
kwazulu-natal;za;kwazulu-natal;;
limpopo;za;limpopo;;
mpumalanga;za;mpumalanga;;
north west;za;north west;;
northern cape;za;northern cape;;
western cape;za;western cape;;
central;zm;central;;
copperbelt;zm;copperbelt;;
eastern;zm;eastern;;
luapula;zm;luapula;;
lusaka;zm;lusaka;;
muchinga;zm;muchinga;;
north-western;zm;north-western;;
northern;zm;northern;;
southern;zm;southern;;
western;zm;western;;
bulawayo;zw;bulawayo;;
harare;zw;harare;;
manicaland;zw;manicaland;;
mashonaland central;zw;mashonaland central;;
mashonaland east;zw;mashonaland east;;
mashonaland west;zw;mashonaland west;;
masvingo;zw;masvingo;;
matabeleland north;zw;matabeleland north;;
matabeleland south;zw;matabeleland south;;
midlands;zw;midlands;;
