"state","sub_region_gadm"
"af","badakhshan; badghis; baghlan; balkh; bamyan; daykundi; farah; faryab; ghazni; ghor; hilmand; hirat; jawzjan; kabul; kandahar; kapisa; khost; kunar; kunduz; laghman; logar; nangarhar; nimroz; nuristan; paktika; paktya; panjshir; parwan; samangan; sari pul; takhar; uruzgan; wardak; zabul"
"ao","bengo; benguela; bié; cabinda; cuando cubango; cuanza norte; cuanza sul; cunene; huambo; huíla; luanda; lunda norte; lunda sul; malanje; moxico; namibe; uíge; zaire"
"ax","brändö; eckerö; finström; föglö; geta; hammarland; jomala; kökar; kumlinge; lemland; lumparland; mariehamn; saltvik; sottunga; sund; vårdö"
"al","berat; dibër; durrës; elbasan; fier; gjirokastër; korçë; kukës; lezhë; shkodër; tiranë; vlorë"
"ad","andorra la vella; canillo; encamp; escaldes-engordany; la massana; ordino; sant julià de lòria"
"ae","abu dhabi; ajman; dubai; fujairah; ras al-khaimah; sharjah; umm al-qaywayn"
"ar","buenos aires; catamarca; chaco; chubut; ciudad de buenos aires; córdoba; corrientes; entre ríos; formosa; jujuy; la pampa; la rioja; mendoza; misiones; neuquén; río negro; salta; san juan; san luis; santa cruz; santa fe; santiago del estero; tierra del fuego; tucumán"
"am","aragatsotn; ararat; armavir; erevan; gegharkunik; kotayk; lori; shirak; syunik; tavush; vayots dzor"
"as","eastern; manu'a; unorganized; western"
"tf","îles crozet; îles saint paul et amsterdam; kerguelen"
"at","îles éparses; burgenland; kärnten; niederösterreich; oberösterreich; salzburg; steiermark; tirol; vorarlberg; wien"
"ag","barbuda; redonda; saint george; saint john; saint mary; saint paul; saint peter; saint philip"
"au","ashmore and cartier islands; australian capital territory; coral sea islands territory; jervis bay territory; new south wales; northern territory; queensland; south australia; tasmania; victoria; western australia"
"az","absheron; aran; daglig-shirvan; ganja-qazakh; kalbajar-lachin; lankaran; nakhchivan; quba-khachmaz; shaki-zaqatala; yukhari-karabakh"
"bi","bubanza; bujumbura mairie; bujumbura rural; bururi; cankuzo; cibitoke; gitega; karuzi; kayanza; kirundo; makamba; muramvya; muyinga; mwaro; ngozi; rutana; ruyigi"
"be","bruxelles; vlaanderen; wallonie; bonaire; saba; sint eustatius"
"bj","alibori; atakora; atlantique; borgou; collines; donga; kouffo; littoral; mono; ouémé; plateau; zou"
"bf","boucle du mouhoun; cascades; centre; centre-est; centre-nord; centre-ouest; centre-sud; est; haut-bassins; nord; plateau-central; sahel; sud-ouest"
"bd","barisal; chittagong; dhaka; khulna; rajshahi; rangpur; sylhet"
"bg","blagoevgrad; burgas; dobrich; gabrovo; grad sofiya; haskovo; kardzhali; kyustendil; lovech; montana; pazardzhik; pernik; pleven; plovdiv; razgrad; ruse; shumen; silistra; sliven; smolyan; sofia; stara zagora; targovishte; varna; veliko tarnovo; vidin; vratsa; yambol"
"bh","capital; central; muharraq; northern; southern"
"bs","acklins; berry islands; biminis; black point; cat island; central abaco; central andros; central eleuthera; city of freeport; crooked island; east grand bahama; exuma; grand cay; harbour island; hope town; inagua; long island; mangrove cay; mayaguana; moore's island; new providence; north abaco; north andros; north eleuthera; ragged island; rum cay; san salvador; south abaco; south andros; south eleuthera; spanish wells; west grand bahama"
"ba","brcko; federacija bosna i hercegovina; repuplika srpska"
"by","brest; homyel'; hrodna; mahilyow; minsk; vitsyebsk"
"bz","belize; cayo; corozal; orange walk; stann creek; toledo"
"bm","devonshire; hamilton; hamilton municipality; paget; pembroke; saint george's; saint george municipality; sandys; smiths; southampton; warwick"
"bo","chuquisaca; cochabamba; el beni; la paz; oruro; pando; potosí; santa cruz; tarija"
"br","acre; alagoas; amapá; amazonas; bahia; ceará; distrito federal; espírito santo; goiás; maranhão; mato grosso; mato grosso do sul; minas gerais; pará; paraíba; paraná; pernambuco; piauí; rio de janeiro; rio grande do norte; rio grande do sul; rondônia; roraima; santa catarina; são paulo; sergipe; tocantins"
"bb","christ church; saint andrew; saint george; saint james; saint john; saint joseph; saint lucy; saint michael; saint peter; saint philip; saint thomas"
"bn","belait; brunei and muara; temburong; tutong"
"bt","bumthang; chhukha; dagana; gasa; haa; lhuentse; monggar; paro; pemagatshel; punakha; samdrupjongkhar; samtse; sarpang; thimphu; trashigang; trongsa; tsirang; wangduephodrang; yangtse; zhemgang"
"bw","central; chobe; francistown; gaborone; ghanzi; jwaneng; kgalagadi; kgatleng; kweneng; lobatse; north-east; north-west; selibe phikwe; south-east; southern; sowa"
"cf","bamingui-bangoran; bangui; basse-kotto; haut-mbomou; haute-kotto; kémo; lobaye; mambéré-kadéï; mbomou; nana-grébizi; nana-mambéré; ombella-m'poko; ouaka; ouham; ouham-pendé; sangha-mbaéré; vakaga"
"ca","alberta; british columbia; manitoba; new brunswick; newfoundland and labrador; northwest territories; nova scotia; nunavut; ontario; prince edward island; québec; saskatchewan; yukon"
"ch","aargau; appenzell ausserrhoden; appenzell innerrhoden; basel-landschaft; basel-stadt; bern; fribourg; genève; glarus; graubünden; jura; lucerne; neuchâtel; nidwalden; obwalden; sankt gallen; schaffhausen; schwyz; solothurn; thurgau; ticino; uri; valais; vaud; zug; zürich"
"cl","aisén del general carlos ibáñez del campo; antofagasta; araucanía; arica y parinacota; atacama; bío-bío; coquimbo; libertador general bernardo o'higgins; los lagos; los ríos; magallanes y antártica chilena; maule; ñuble; región metropolitana de santiago; tarapacá; valparaíso"
"cn","anhui; beijing; chongqing; fujian; gansu; guangdong; guangxi; guizhou; hainan; hebei; heilongjiang; henan; hubei; hunan; jiangsu; jiangxi; jilin; liaoning; nei mongol; ningxia hui; qinghai; shaanxi; shandong; shanghai; shanxi; sichuan; tianjin; xinjiang uygur; xizang; yunnan; zhejiang"
"ci","abidjan; bas-sassandra; comoé; denguélé; gôh-djiboua; lacs; lagunes; montagnes; sassandra-marahoué; savanes; vallée du bandama; woroba; yamoussoukro; zanzan"
"cm","adamaoua; centre; est; extrême-nord; littoral; nord; nord-ouest; ouest; sud; sud-ouest"
"cd","bas-uélé; équateur; haut-katanga; haut-lomami; haut-uélé; ituri; kasaï; kasaï-central; kasaï-oriental; kinshasa; kongo-central; kwango; kwilu; lomami; lualaba; maï-ndombe; maniema; mongala; nord-kivu; nord-ubangi; sankuru; sud-kivu; sud-ubangi; tanganyika; tshopo; tshuapa"
"cg","bouenza; brazzaville; cuvette; cuvette-ouest; kouilou; lékoumou; likouala; niari; plateaux; pointe noire; pool; sangha"
"co","amazonas; antioquia; arauca; atlántico; bolívar; boyacá; caldas; caquetá; casanare; cauca; cesar; chocó; córdoba; cundinamarca; guainía; guaviare; huila; la guajira; magdalena; meta; nariño; norte de santander; putumayo; quindío; risaralda; san andrés y providencia; santander; sucre; tolima; valle del cauca; vaupés; vichada"
"km","mwali; njazídja; nzwani"
"cv","boa vista; brava; maio; mosteiros; paúl; porto novo; praia; ribeira brava; ribeira grande; ribeira grande de santiago; sal; santa catarina; santa catarina do fogo ; santa cruz; são domingos; são filipe; são lourenço dos órgãos; são miguel; são salvador do mundo; são vicente; tarrafal; tarrafal de são nicolau"
"cr","alajuela; cartago; guanacaste; heredia; limón; puntarenas; san josé"
"cu","camagüey; ciego de ávila; cienfuegos; ciudad de la habana; granma; guantánamo; holguín; isla de la juventud; la habana; las tunas; matanzas; mayabeque; pinar del río; sancti spíritus; santiago de cuba; villa clara"
"ky","bodden town; cayman brac; east end; george town; little cayman; north side; west bay"
"cy","famagusta; larnaca; limassol; nicosia; paphos; gazimagusa; girne; güzelyurt; iskele; nicosia"
"cz","jihoceský; jihomoravský; karlovarský; kraj vysocina; královéhradecký; liberecký; moravskoslezský; olomoucký; pardubický; plzenský; prague; stredoceský; ústecký; zlínský"
"de","baden-württemberg; bayern; berlin; brandenburg; bremen; hamburg; hessen; mecklenburg-vorpommern; niedersachsen; nordrhein-westfalen; rheinland-pfalz; saarland; sachsen; sachsen-anhalt; schleswig-holstein; thüringen"
"dj","ali sabieh; dikhil; djibouti; obock; tadjourah"
"dm","saint andrew; saint david; saint george; saint john; saint joseph; saint luke; saint mark; saint patrick; saint paul; saint peter"
"dk","hovedstaden; midtjylland; nordjylland; sjælland; syddanmark"
"do","azua; bahoruco; barahona; dajabón; distrito nacional; duarte; el seybo; espaillat; hato mayor; independencia; la altagracia; la estrelleta; la romana; la vega; maría trinidad sánchez; monseñor nouel; monte cristi; monte plata; pedernales; peravia; puerto plata; salcedo; samaná; san cristóbal; san josé de ocoa; san juan; san pedro de macorís; sánchez ramírez; santiago; santiago rodríguez; santo domingo; valverde"
"dz","adrar; aïn defla; aïn témouchent; alger; annaba; batna; béchar; béjaïa; biskra; blida; bordj bou arréridj; bouira; boumerdès; chlef; constantine; djelfa; el bayadh; el oued; el tarf; ghardaïa; guelma; illizi; jijel; khenchela; laghouat; m'sila; mascara; médéa; mila; mostaganem; naâma; oran; ouargla; oum el bouaghi; relizane; saïda; sétif; sidi bel abbès; skikda; souk ahras; tamanghasset; tébessa; tiaret; tindouf; tipaza; tissemsilt; tizi ouzou; tlemcen"
"ec","azuay; bolivar; cañar; carchi; chimborazo; cotopaxi; el oro; esmeraldas; galápagos; guayas; imbabura; loja; los rios; manabi; morona santiago; napo; orellana; pastaza; pichincha; santa elena; santo domingo de los tsachilas; sucumbios; tungurahua; zamora chinchipe"
"eg","ad daqahliyah; al bahr al ahmar; al buhayrah; al fayyum; al gharbiyah; al iskandariyah; al isma`iliyah; al jizah; al minufiyah; al minya; al qahirah; al qalyubiyah; al uqsur; al wadi al jadid; as suways; ash sharqiyah; aswan; asyut; bani suwayf; bur sa`id; dumyat; janub sina'; kafr ash shaykh; matrouh; qina; shamal sina'; suhaj"
"er","anseba; debub; debubawi keyih bahri; gash barka; maekel; semenawi keyih bahri"
"eh","boujdour; es semara; laayoune; oued el dahab"
"es","andalucía; aragón; cantabria; castilla-la mancha; castilla y león; cataluña; ceuta y melilla; comunidad de madrid; comunidad foral de navarra; comunidad valenciana; extremadura; galicia; islas baleares; islas canarias; la rioja; país vasco; principado de asturias; región de murcia; peipsi"
"ee","harju; hiiu; ida-viru; järva; jõgeva; lääne; lääne-viru; pärnu; põlva; rapla; saare; tartu; valga; viljandi; võru"
"et","addis abeba; afar; amhara; benshangul-gumaz; dire dawa; gambela peoples; harari people; oromia; somali; southern nations, nationalities and peoples; tigray"
"fi","eastern finland; lapland; oulu; southern finland; western finland"
"fj","central; eastern; northern; rotuma; western"
"fr","auvergne-rhône-alpes; bourgogne-franche-comté; bretagne; centre-val de loire; corse; grand est; hauts-de-france; île-de-france; normandie; nouvelle-aquitaine; occitanie; pays de la loire; provence-alpes-côte d'azur"
"fo","eysturoyar; norderøerne; sandoyar; streymoyar; suðuroyar; vågø"
"fm","chuuk; kosrae; pohnpei; yap"
"ga","estuaire; haut-ogooué; moyen-ogooué; ngounié; nyanga; ogooué-ivindo; ogooué-lolo; ogooué-maritime; wouleu-ntem"
"gb","england; northern ireland; scotland; wales"
"ge","abkhazia; ajaria; guria; imereti; kakheti; kvemo kartli; mtskheta-mtianeti; racha-lechkhumi-kvemo svaneti; samegrelo-zemo svaneti; samtskhe-javakheti; shida kartli; tbilisi"
"gg","alderney; brecqhou; castel; forest; herm; jethou; saint andrew; saint martin; saint peter port; saint pierre du bois; saint sampson; saint saviour; sark; torteval; vale"
"gh","ashanti; brong ahafo; central; eastern; greater accra; northern; upper east; upper west; volta; western"
"gi","boké; conakry; faranah; kankan; kindia; labé; mamou; nzérékoré"
"gp","basse-terre; pointe-à-pitre"
"gm","banjul; lower river; maccarthy island; north bank; upper river; western"
"gw","bafatá; biombo; bissau; bolama; cacheu; gabú; oio; quinara; tombali"
"gq","annobón; bioko norte; bioko sur; centro sur; kié-ntem; litoral; wele-nzas"
"gr","aegean; athos; attica; crete; epirus and western macedonia; macedonia and thrace; peloponnese, western greece and the ionian islands; thessaly and central greece; saint clement"
"gd","carriacou; saint andrew; saint david; saint george; saint john; saint mark; saint patrick"
"gl","kujalleq; northeast greenland national park; qaasuitsup; qeqqata; sermersooq"
"gt","alta verapaz; baja verapaz; chimaltenango; chiquimula; el progreso; escuintla; guatemala; huehuetenango; izabal; jalapa; jutiapa; petén; quezaltenango; quiché; retalhuleu; sacatepéquez; san marcos; santa rosa; sololá; suchitepéquez; totonicapán; zacapa"
"gf","cayenne; saint-laurent-du-maroni"
"gu","agana heights; agat; asan; barrigada; chalan-pago-ordot; dededo; hagåtña; inarajan; mangilao; merizo; mongmong-toto-maite; piti; santa rita; sinajana; talofofo; tamuning; umatac; yigo; yona"
"gy","barima-waini; cuyuni-mazaruni; demerara-mahaica; east berbice-corentyne; essequibo islands-west demerara; mahaica-berbice; pomeroon-supenaam; potaro-siparuni; upper demerara-berbice; upper takutu-upper essequibo"
"hk","central and western; eastern; islands; kowloon city; kwai tsing; kwun tong; north; sai kung; sha tin; sham shui po; southern; tai po; tsuen wan; tuen mun; wan chai; wong tai sin; yau tsim mong; yuen long"
"hn","atlántida; choluteca; colón; comayagua; copán; cortés; el paraíso; francisco morazán; gracias a dios; intibucá; islas de la bahía; la paz; lempira; ocotepeque; olancho; santa bárbara; valle; yoro"
"hr","bjelovarska-bilogorska; brodsko-posavska; dubrovacko-neretvanska; grad zagreb; istarska; karlovacka; koprivnicko-križevacka; krapinsko-zagorska; licko-senjska; medimurska; osjecko-baranjska; požeško-slavonska; primorsko-goranska; šibensko-kninska; sisacko-moslavacka; splitsko-dalmatinska; varaždinska; viroviticko-podravska; vukovarsko-srijemska; zadarska; zagrebacka"
"ht","centre; grand'anse; l'artibonite; nippes; nord; nord-est; nord-ouest; ouest; sud; sud-est"
"hu","bács-kiskun; baranya; békés; borsod-abaúj-zemplén; budapest; csongrád; fejér; gyor-moson-sopron; hajdú-bihar; heves; jász-nagykun-szolnok; komárom-esztergom; nógrád; pest; somogy; szabolcs-szatmár-bereg; tolna; vas; veszprém; zala"
"id","aceh; bali; bangka belitung; banten; bengkulu; gorontalo; jakarta raya; jambi; jawa barat; jawa tengah; jawa timur; kalimantan barat; kalimantan selatan; kalimantan tengah; kalimantan timur; kepulauan riau; lampung; maluku; maluku utara; nusa tenggara barat; nusa tenggara timur; papua; papua barat; riau; sulawesi barat; sulawesi selatan; sulawesi tengah; sulawesi tenggara; sulawesi utara; sumatera barat; sumatera selatan; sumatera utara; yogyakarta"
"im","ayre; garff; glenfaba; michael; middle; rushen"
"in","andaman and nicobar; andhra pradesh; arunachal pradesh; assam; bihar; chandigarh; chhattisgarh; dadra and nagar haveli; daman and diu; goa; gujarat; haryana; himachal pradesh; jammu and kashmir; jharkhand; karnataka; kerala; lakshadweep; madhya pradesh; maharashtra; manipur; meghalaya; mizoram; nagaland; nct of delhi; odisha; puducherry; punjab; rajasthan; sikkim; tamil nadu; telangana; tripura; uttar pradesh; uttarakhand; west bengal"
"ie","carlow; cavan; clare; cork; donegal; dublin; galway; kerry; kildare; kilkenny; laoighis; leitrim; limerick; longford; louth; mayo; meath; monaghan; offaly; roscommon; sligo; tipperary; waterford; westmeath; wexford; wicklow"
"ir","alborz; ardebil; bushehr; chahar mahall and bakhtiari; east azarbaijan; esfahan; fars; gilan; golestan; hamadan; hormozgan; ilam; kerman; kermanshah; khuzestan; kohgiluyeh and buyer ahmad; kordestan; lorestan; markazi; mazandaran; north khorasan; qazvin; qom; razavi khorasan; semnan; sistan and baluchestan; south khorasan; tehran; west azarbaijan; yazd; zanjan"
"iq","al-anbar; al-basrah; al-muthannia; al-qadisiyah; an-najaf; arbil; as-sulaymaniyah; at-ta'mim; babil; baghdad; dhi-qar; dihok; diyala; karbala'; maysan; ninawa; sala ad-din; wasit"
"is","austurland; hálshreppur; höfuðborgarsvæði; norðurland vestra; suðurland; suðurnes; vestfirðir; vesturland; golan"
"il","hadarom; haifa; hamerkaz; hazafon; jerusalem; tel aviv"
"it","abruzzo; apulia; basilicata; calabria; campania; emilia-romagna; friuli-venezia giulia; lazio; liguria; lombardia; marche; molise; piemonte; sardegna; sicily; toscana; trentino-alto adige; umbria; valle d'aosta; veneto"
"jm","clarendon; hanover; kingston; manchester; portland; saint andrew; saint ann; saint catherine; saint elizabeth; saint james; saint mary; saint thomas; trelawny; westmoreland"
"je","grouville; saint berlade; saint helier; saint john; saint lawrence; saint martin; saint mary; saint ouen; saint peter; saint saviour; trinity"
"jo","ajlun; amman; aqaba; balqa; irbid; jarash; karak; ma`an; madaba; mafraq; tafilah; zarqa"
"jp","aichi; akita; aomori; chiba; ehime; fukui; fukuoka; fukushima; gifu; gunma; hiroshima; hokkaido; hyogo; ibaraki; ishikawa; iwate; kagawa; kagoshima; kanagawa; kochi; kumamoto; kyoto; mie; miyagi; miyazaki; nagano; naoasaki; nara; niigata; oita; okayama; okinawa; osaka; saga; saitama; shiga; shimane; shizuoka; tochigi; tokushima; tokyo; tottori; toyama; wakayama; yamagata; yamaguchi; yamanashi"
"kz","almaty; aqmola; aqtöbe; atyrau; east kazakhstan; mangghystau; north kazakhstan; pavlodar; qaraghandy; qostanay; qyzylorda; south kazakhstan; west kazakhstan; zhambyl"
"ke","baringo; bomet; bungoma; busia; elgeyo-marakwet; embu; garissa; homa bay; isiolo; kajiado; kakamega; kericho; kiambu; kilifi; kirinyaga; kisii; kisumu; kitui; kwale; laikipia; lamu; machakos; makueni; mandera; marsabit; meru; migori; mombasa; murang'a; nairobi; nakuru; nandi; narok; nyamira; nyandarua; nyeri; samburu; siaya; taita taveta; tana river; tharaka-nithi; trans nzoia; turkana; uasin gishu; vihiga; wajir; west pokot"
"kg","batken; biškek; chüy; jalal-abad; naryn; osh; osh (city); talas; ysyk-köl"
"kh","bântéay méanchey; batdâmbâng; kâmpóng cham; kâmpóng chhnang; kâmpóng spœ; kâmpóng thum; kâmpôt; kândal; kaôh kong; kep; krâchéh; krong pailin; krong preah sihanouk; môndól kiri; otdar mean chey; phnom penh; pouthisat; preah vihéar; prey vêng; rôtânôkiri; siemréab; stœng trêng; svay rieng; takêv; tbong khmum"
"kn","christ church nichola town; saint anne sandy point; saint george basseterre; saint george gingerland; saint james windward; saint john capisterre; saint john figtree; saint mary cayon; saint paul capisterre; saint paul charlestown; saint peter basseterre; saint thomas lowland; saint thomas middle island; trinity palmetto point"
"kr","busan; chungcheongbuk-do; chungcheongnam-do; daegu; daejeon; gangwon-do; gwangju; gyeonggi-do; gyeongsangbuk-do; gyeongsangnam-do; incheon; jeju; jeollabuk-do; jeollanam-do; sejong; seoul; ulsan"
"kw","al ahmadi; al farwaniyah; al jahrah; al kuwayt; hawalli; mubarak al-kabeer"
"la","attapu; bokeo; bolikhamxai; champasak; houaphan; khammouan; louang namtha; louangphrabang; oudômxai; phôngsali; saravan; savannakhét; vientiane; vientiane [prefecture]; xaignabouri; xaisômboun; xékong; xiangkhoang; lago nicaragua"
"lb","akkar; baalbak - hermel; beirut; bekaa; mount lebanon; nabatiyeh; north; south"
"lr","bomi; bong; gbapolu; grand cape mount; grandbassa; grandgedeh; grandkru; lofa; margibi; maryland; montserrado; nimba; river cess; river gee; sinoe"
"ly","al butnan; al jabal al akhdar; al jabal al gharbi; al jifarah; al jufrah; al kufrah; al marj; al marqab; al wahat; an nuqat al khams; az zawiyah; benghazi; darnah; ghat; misratah; murzuq; nalut; sabha; surt; tripoli; wadi al hayat; wadi ash shati'"
"lc","anse-la-raye; canaries; castries; choiseul; dennery; gros islet; laborie; micoud; soufrière; vieux fort"
"li","balzers; eschen; gamprin; mauren; planken; ruggell; schaan; schellenberg; triesen; triesenberg; valduz"
"lk","ampara; anuradhapura; badulla; batticaloa; colombo; galle; gampaha; hambantota; jaffna; kalutara; kandy; kegalle; kilinochchi; kurunegala; mannar; matale; matara; moneragala; mullaitivu; nuwara eliya; polonnaruwa; puttalam; ratnapura; trincomalee; vavuniya"
"ls","berea; butha-buthe; leribe; mafeteng; maseru; mohale's hoek; mokhotlong; qacha's nek; quthing; thaba-tseka"
"lt","alytaus; kauno; klaipedos; marijampoles; panevezio; šiauliai; taurages; telšiai; utenos; vilniaus"
"lu","diekirch; grevenmacher; luxembourg"
"lv","kurzeme; latgale; riga; vidzeme; zemgale"
"mo","ilhas; macau"
"ma","chaouia - ouardigha; doukkala - abda; fès - boulemane; gharb - chrarda - béni hssen; grand casablanca; guelmim - es-semara; laâyoune - boujdour - sakia el hamra; marrakech - tensift - al haouz; meknès - tafilalet; oriental; rabat - salé - zemmour - zaer; souss - massa - draâ; tadla - azilal; tanger - tétouan; taza - al hoceima - taounate"
"md","anenii noi; balti; basarabeasca; bender; briceni; cahul; calarasi; cantemir; causeni; chisinau; cimislia; criuleni; donduseni; drochia; dubasari; edinet; falesti; floresti; gagauzia; glodeni; hîncesti; ialoveni; leova; nisporeni; ocnita; orhei; rezina; rîscani; sîngerei; soldanesti; soroca; stefan voda; straseni; taraclia; telenesti; transnistria; ungheni"
"mg","antananarivo; antsiranana; fianarantsoa; mahajanga; toamasina; toliary"
"mx","aguascalientes; baja california; baja california sur; campeche; chiapas; chihuahua; coahuila; colima; distrito federal; durango; guanajuato; guerrero; hidalgo; jalisco; méxico; michoacán; morelos; nayarit; nuevo león; oaxaca; puebla; querétaro; quintana roo; san luis potosí; sinaloa; sonora; tabasco; tamaulipas; tlaxcala; veracruz; yucatán; zacatecas"
"mk","aerodrom; aracinovo; berovo; bitola; bogdanci; bogovinje; bosilovo; brvenica; butel; cair; caška; centar; centar župa; cešinovo-obleševo; cucer sandevo; debar; debarca; delcevo; demir hisar; demir kapija; dolneni; drugovo; gazi baba; gevgelija; gjorce petrov; gostivar; gradsko; ilinden; jegunovtse; karbinci; karpoš; kavadartsi; kicevo; kisela voda; kocani; konce; kratovo; kriva palanka; krivogaštani; kruševo; kumanovo; lake ohrid; lipkovo; lozovo; makedonska kamenica; makedonski brod; mavrovo and rostuša; mogila; negotino; novatsi; novo selo; ohrid; oslomej; pehcevo; petrovec; plasnica; prilep; probištip; radoviš; rankovce; resen; rosoman; saraj; sopište; star dojran; staro nagoricane; štip; struga; strumitsa; studenicani; šuto orizari; sveti nikole; tearce; tetovo; valandovo; vasilevo; veles; vevcani; vinitsa; vraneštica; vrapcište; zajas; zelenikovo; želino; zrnovci"
"ml","bamako; gao; kayes; kidal; koulikoro; mopti; ségou; sikasso; timbuktu"
"mt","centrali; ghawdex; nofsinhar; tramuntana; xlokk"
"mm","ayeyarwady; bago; chin; kachin; kayah; kayin; magway; mandalay; mon; naypyitaw; rakhine; sagaing; shan; tanintharyi; yangon"
"me","andrijevica; bar; berane; bijelo polje; budva; cetinje; danilovgrad; herceg novi; kolašin; kotor; mojkovac; nikšic; plav; pljevlja; plužine; podgorica; rožaje; šavnik; tivat; ulcinj; žabljak"
"mn","arhangay; bayan-ölgiy; bayanhongor; bulgan; darhan-uul; dornod; dornogovi; dundgovi; dzavhan; govi-altay; govisümber; hentiy; hovd; hövsgöl; ömnögovi; orhon; övörhangay; selenge; sühbaatar; töv; ulaanbaatar; uvs"
"mp","northern islands; rota; saipan; tinian"
"mz","cabo delgado; gaza; inhambane; manica; maputo; maputo city; nampula; nassa; sofala; tete; zambezia"
"mr","adrar; assaba; brakna; dakhlet nouadhibou; gorgol; guidimaka; hodh ech chargui; hodh el gharbi; inchiri; nouakchott; tagant; tiris zemmour; trarza"
"ms","saint anthon; saint georges; saint peter"
"mq","fort-de-france; le marin; le trinité; saint-pierre"
"mu","agalega islands; black river; flacq; grand port; moka; pamplemousses; plaines wilhems; port louis; rivière du rempart; rodriguez; saint brandon ; savanne"
"mw","balaka; blantyre; chikwawa; chiradzulu; chitipa; dedza; dowa; karonga; kasungu; likoma; lilongwe; machinga; mangochi; mchinji; mulanje; mwanza; mzimba; neno; nkhata bay; nkhotakota; nsanje; ntcheu; ntchisi; phalombe; rumphi; salima; thyolo; zomba"
"my","johor; kedah; kelantan; kuala lumpur; labuan; melaka; negeri sembilan; pahang; perak; perlis; pulau pinang; putrajaya; sabah; sarawak; selangor; trengganu"
"yt","acoua; bandraboua; bandrele; boueni; chiconi; chirongui; dembeni; dzaoudzi; kani-keli; koungou; m'tsangamouji; mamoudzou; mtsamboro; ouangani; pamandzi; sada; tsingoni"
"na","!karas; erongo; hardap; kavango; khomas; kunene; ohangwena; omaheke; omusati; oshana; oshikoto; otjozondjupa; zambezi"
"nc","îles loyauté; nord; sud"
"ne","agadez; diffa; dosso; maradi; niamey; tahoua; tillabéry; zinder"
"ng","abia; adamawa; akwa ibom; anambra; bauchi; bayelsa; benue; borno; cross river; delta; ebonyi; edo; ekiti; enugu; federal capital territory; gombe; imo; jigawa; kaduna; kano; katsina; kebbi; kogi; kwara; lagos; nassarawa; niger; ogun; ondo; osun; oyo; plateau; rivers; sokoto; taraba; yobe; zamfara"
"ni","atlántico norte; atlántico sur; boaco; carazo; chinandega; chontales; estelí; granada; jinotega; león; madriz; managua; masaya; matagalpa; nueva segovia; río san juan; rivas"
"nl","drenthe; flevoland; friesland; gelderland; groningen; ijsselmeer; limburg; noord-brabant; noord-holland; overijssel; utrecht; zeeland; zeeuwse meren; zuid-holland"
"no","akershus; ãstfold; aust-agder; buskerud; finnmark; hedmark; hordaland; møre og romsdal; nord-trøndelag; nordland; oppland; oslo; rogaland; sogn og fjordane; sør-trøndelag; telemark; troms; vest-agder; vestfold"
"np","central; east; far-western; mid-western; west"
"nr","aiwo; anabar; anetan; anibare; baiti; boe; buada; denigomodu; ewa; ijuw; meneng; nibok; uaboe; yaren"
"nz","auckland; bay of plenty; canterbury; chatham islands; gisborne; hawke's bay; manawatu-wanganui; marlborough; nelson; northern islands; northland; otago; southern islands; southland; taranaki; tasman; waikato; wellington; west coast"
"om","ad dakhliyah; al batinah north; al batinah south; al buraymi; al dhahira; al wusta; ash sharqiyah north; ash sharqiyah south; dhofar; musandam; muscat"
"pk","azad kashmir; baluchistan; f.a.t.a.; f.c.t.; n.w.f.p.; northern areas; punjab; sind"
"pa","bocas del toro; chiriquí; coclé; colón; darién; emberá; herrera; kuna yala; los santos; ngöbe buglé; panamá; panamá oeste; veraguas"
"pe","amazonas; ancash; apurímac; arequipa; ayacucho; cajamarca; callao; cusco; huancavelica; huánuco; ica; junín; la libertad; lambayeque; lima; lima province; loreto; madre de dios; moquegua; pasco; piura; puno; san martín; tacna; tumbes; ucayali"
"ph","abra; agusan del norte; agusan del sur; aklan; albay; antique; apayao; aurora; basilan; bataan; batanes; batangas; benguet; biliran; bohol; bukidnon; bulacan; cagayan; camarines norte; camarines sur; camiguin; capiz; catanduanes; cavite; cebu; compostela valley; davao del norte; davao del sur; davao oriental; dinagat islands; eastern samar; guimaras; ifugao; ilocos norte; ilocos sur; iloilo; isabela; kalinga; la union; laguna; lanao del norte; lanao del sur; leyte; maguindanao; marinduque; masbate; metropolitan manila; misamis occidental; misamis oriental; mountain province; negros occidental; negros oriental; north cotabato; northern samar; nueva ecija; nueva vizcaya; occidental mindoro; oriental mindoro; palawan; pampanga; pangasinan; quezon; quirino; rizal; romblon; samar; sarangani; siquijor; sorsogon; south cotabato; southern leyte; sultan kudarat; sulu; surigao del norte; surigao del sur; tarlac; tawi-tawi; zambales; zamboanga del norte; zamboanga del sur; zamboanga sibugay"
"pw","aimeliik; airai; angaur; hatohobei; kayangel; koror; melekeok; ngaraard; ngarchelong; ngardmau; ngatpang; ngchesar; ngeremlengui; ngiwal; peleliu; sonsorol"
"pg","bougainville; central; chimbu; east new britain; east sepik; eastern highlands; enga; gulf; hela; jiwaka; madang; manus; milne bay; morobe; national capital district; new ireland; oro; sandaun; southern highlands; west new britain; western; western highlands"
"pl","dolnoslaskie; kujawsko-pomorskie; lódzkie; lubelskie; lubuskie; malopolskie; mazowieckie; opolskie; podkarpackie; podlaskie; pomorskie; slaskie; swietokrzyskie; warminsko-mazurskie; wielkopolskie; zachodniopomorskie"
"pr","adjuntas; aguada; aguadilla; aguas buenas; aibonito; añasco; arecibo; arroyo; barceloneta; barranquitas; bayamón; cabo rojo; caguas; camuy; canóvanas; carolina; cataño; cayey; ceiba; ciales; cidra; coamo; comerío; corozal; culebra; dorado; fajardo; florida; guánica; guayama; guayanilla; guaynabo; gurabo; hatillo; hormigueros; humacao; isabela; jayuya; juana díaz; juncos; lajas; lares; las marías; las piedras; loíza; luquillo; manatí; maricao; maunabo; mayagüez; moca; morovis; naguabo; naranjito; orocovis; patillas; peñuelas; ponce; quebradillas; rincón; río grande; sabana grande; salinas; san germán; san juan; san lorenzo; san sebastián; santa isabel; toa alta; toa baja; trujillo alto; utuado; vega alta; vega baja; vieques; villalba; yabucoa; yauco; kumgangsan; sinuiju; madeira"
"kp","chagang-do; hamgyong-bukto; hamgyong-namdo; hwanghae-bukto; hwanghae-namdo; kaesong; kangwon-do; p'yongan-bukto; p'yongan-namdo; p'yongyang; rason; ryanggang"
"pt","aveiro; azores; beja; braga; bragança; castelo branco; coimbra; évora; faro; guarda; leiria; lisboa; portalegre; porto; santarém; setúbal; viana do castelo; vila real; viseu"
"py","alto paraguay; alto paraná; amambay; asunción; boquerón; caaguazú; caazapá; canindeyú; central; concepción; cordillera; guairá; itapúa; misiones; ñeembucú; paraguarí; presidente hayes; san pedro"
"ps","gaza; west bank"
"pf","îles australes ; îles du vent; îles marquises; îles sous-le-vent; îles tuamotu-gambier"
"qa","ad dawhah; al daayen; al khor; al wakrah; ar rayyan; madinat ash shamal; umm salal"
"re","saint-benoît; saint-denis; saint-paul; saint-pierre"
"ro","alba; arad; NA; bacau; bihor; NA; NA; NA; braila; bucharest; buzau; NA; NA; cluj; NA; covasna; NA; dolj; NA; giurgiu; gorj; harghita; hunedoara; NA; NA; ilfov; NA; NA; NA; NA; olt; prahova; salaj; satu mare; sibiu; suceava; teleorman; NA; tulcea; vâlcea; vaslui; vrancea"
"ru","adygey; altay; amur; arkhangel'sk; astrakhan'; bashkortostan; belgorod; bryansk; buryat; chechnya; chelyabinsk; chukot; chuvash; city of st. petersburg; dagestan; gorno-altay; ingush; irkutsk; ivanovo; kabardin-balkar; kaliningrad; kalmyk; kaluga; kamchatka; karachay-cherkess; karelia; kemerovo; khabarovsk; khakass; khanty-mansiy; kirov; komi; kostroma; krasnodar; krasnoyarsk; kurgan; kursk; leningrad; lipetsk; maga buryatdan; mariy-el; mordovia; moscow city; moskva; murmansk; nenets; nizhegorod; north ossetia; novgorod; novosibirsk; omsk; orel; orenburg; penza; perm'; primor'ye; pskov; rostov; ryazan'; sakha; sakhalin; samara; saratov; smolensk; stavropol'; sverdlovsk; tambov; tatarstan; tomsk; tula; tuva; tver'; tyumen'; udmurt; ul'yanovsk; vladimir; volgograd; vologda; voronezh; yamal-nenets; yaroslavl'; yevrey; zabaykal'ye"
"rw","amajyaruguru; amajyepfo; iburasirazuba; iburengerazuba; umujyi wa kigali"
"sa","`asir; al bahah; al hudud ash shamaliyah; al jawf; al madinah; al quassim; ar riyad; ash sharqiyah; ha'il; jizan; makkah; najran; tabuk"
"sd","al jazirah; al qadarif; blue nile; central darfur; east darfur; kassala; khartoum; north darfur; north kurdufan; northern; red sea; river nile; sennar; south darfur; south kurdufan; west darfur; west kurdufan; white nile; central equatoria; eastern equatoria; jungoli; lakes; north bahr-al-ghazal; unity; upper nile; warap; west bahr-al-ghazal; west equatoria"
"sn","dakar; diourbel; fatick; kaffrine; kaolack; kédougou; kolda; louga; matam; saint-louis; sédhiou; tambacounda; thiès; ziguinchor"
"sg","central; east; north; north-east; west"
"sh","ascension; saint helena; tristan da cunha"
"sj","jan mayen; svalbard"
"sb","central; choiseul; guadalcanal; honiara; isabel; makira ulawa; malaita; rennell and bellona; temotu; western"
"sl","eastern; northern; southern; western"
"sv","ahuachapán; cabañas; chalatenango; cuscatlán; la libertad; la paz; la unión; morazán; san miguel; san salvador; san vicente; santa ana; sonsonate; usulután; jugovzhodna slovenija"
"sm","acquaviva; borgo maggiore; chiesanuova; domagnano; faetano; fiorentino; montegiardino; san marino; serravalle"
"so","awdal; bakool; banaadir; bari; bay; galguduud; gedo; hiiraan; jubbada dhexe; jubbada hoose; mudug; nugaal; sanaag; shabeellaha dhexe; shabeellaha hoose; sool; togdheer; woqooyi galbeed"
"pm","miquelon-langlade; saint-pierre"
"rs","borski; branicevski; grad beograd; jablanicki; južno-backi; južno-banatski; kolubarski; macvanski; moravicki; nišavski; pcinjski; pirotski; podunavski; pomoravski; rasinski; raški; severno-backi; severno-banatski; srednje-banatski; sremski; šumadijski; toplicki; zajecarski; zapadno-backi; zlatiborski; kosovska mitrovica; pecki; prizren"
"st","príncipe; são tomé"
"sr","brokopondo; commewijne; coronie; marowijne; nickerie; para; paramaribo; saramacca; sipaliwini; wanica"
"sk","banskobystrický; bratislavský; košický; nitriansky; prešovský; trenciansky; trnavský; žilinský"
"si","gorenjska; goriška; koroška; notranjsko-kraška; obalno-kraška; osrednjeslovenska; podravska; pomurska; savinjska; spodnjeposavska; zasavska"
"se","blekinge; dalarna; gävleborg; gotland; halland; jämtland; jönköping; kalmar; kronoberg; norrbotten; orebro; östergötland; skåne; södermanland; stockholm; uppsala; värmland; västerbotten; västernorrland; västmanland; västra götaland"
"sz","hhohho; lubombo; manzini; shiselweni"
"sc","anse aux pins; anse boileau; anse étoile; anse royale; au cap; baie lazare; baie sainte anne; beau vallon; bel air; belombre; cascade; english river; glacis; grand' anse; grand'anse praslin; la digue and inner islands; les mamelles; mont buxton; mont fleuri; outer islands; plaisance; pointe la rue; port glaud; roche caïman; saint louis; takamaka"
"sy","NA; aleppo; ar raqqah; as suwayda'; damascus; dar`a; dayr az zawr; hamah; hims; idlib; lattakia; quneitra; rif dimashq; tartus"
"tc","grand turk; middle caicos; north caicos; providenciales and west caicos; salt cay; south caicos and east caicos"
"td","barh el ghazel; batha; borkou; chari-baguirmi; ennedi est; ennedi ouest; guéra; hadjer-lamis; kanem; lac; logone occidental; logone oriental; mandoul; mayo-kebbi est; mayo-kebbi ouest; moyen-chari; ouaddaï; salamat; sila; tandjilé; tibesti; ville de n'djamena; wadi fira"
"tg","centre; kara; maritime; plateaux; savanes"
"th","amnat charoen; ang thong; bangkok metropolis; bueng kan; buri ram; chachoengsao; chai nat; chaiyaphum; chanthaburi; chiang mai; chiang rai; chon buri; chumphon; kalasin; kamphaeng phet; kanchanaburi; khon kaen; krabi; lampang; lamphun; loei; lop buri; mae hong son; maha sarakham; mukdahan; nakhon nayok; nakhon pathom; nakhon phanom; nakhon ratchasima; nakhon sawan; nakhon si thammarat; nan; narathiwat; nong bua lam phu; nong khai; nonthaburi; pathum thani; pattani; phangnga; phatthalung; phayao; phetchabun; phetchaburi; phichit; phitsanulok; phra nakhon si ayutthaya; phrae; phuket; prachin buri; prachuap khiri khan; ranong; ratchaburi; rayong; roi et; sa kaeo; sakon nakhon; samut prakan; samut sakhon; samut songkhram; saraburi; satun; si sa ket; sing buri; songkhla; sukhothai; suphan buri; surat thani; surin; tak; trang; trat; ubon ratchathani; udon thani; uthai thani; uttaradit; yala; yasothon"
"tj","dushanbe; gorno-badakhshan; khatlon; leninabad; tadzhikistan territories"
"tk","anafu; fakaofo; nukunonu"
"tm","ahal; asgabat; balkan; chardzhou; mary; tashauz"
"tp","aileu; ainaro; ambeno; baucau; bobonaro; covalima; dili; ermera; lautém; liquiçá; manatuto; manufahi; viqueque"
"to","'eua; ha'apai; niuas; tongatapu; vava'u"
"tt","arima; chaguanas; couva-tabaquite-talparo; diego martin; mayaro/rio claro; penal-debe; point fortin; port of spain; princes town; san fernando; san juan-laventille; sangre grande; siparia; tobago; tunapuna/piarco"
"tn","ariana; béja; ben arous (tunis sud); bizerte; gabès; gafsa; jendouba; kairouan; kassérine; kebili; le kef; mahdia; manubah; médenine; monastir; nabeul; sfax; sidi bou zid; siliana; sousse; tataouine; tozeur; tunis; zaghouan"
"tr","adana; adiyaman; afyon; agri; aksaray; amasya; ankara; antalya; ardahan; artvin; aydin; balikesir; bartin; batman; bayburt; bilecik; bingöl; bitlis; bolu; burdur; bursa; çanakkale; çankiri; çorum; denizli; diyarbakir; düzce; edirne; elazig; erzincan; erzurum; eskisehir; gaziantep; giresun; gümüshane; hakkari; hatay; igdir; isparta; istanbul; izmir; k. maras; karabük; karaman; kars; kastamonu; kayseri; kilis; kinkkale; kirklareli; kirsehir; kocaeli; konya; kütahya; malatya; manisa; mardin; mersin; mugla; mus; nevsehir; nigde; ordu; osmaniye; rize; sakarya; samsun; sanliurfa; siirt; sinop; sirnak; sivas; tekirdag; tokat; trabzon; tunceli; usak; van; yalova; yozgat; zinguldak"
"tv","funafuti; nanumanga; nanumea; niulakita; niutao; nui; nukufetau; nukulaelae; vaitupu"
"tw","fujian; kaohsiung; new taipei; taichung; tainan; taipei; taiwan"
"tz","arusha; dar es salaam; dodoma; geita; iringa; kagera; katavi; kigoma; kilimanjaro; lindi; manyara; mara; mbeya; morogoro; mtwara; mwanza; njombe; pemba north; pemba south; pwani; rukwa; ruvuma; shinyanga; simiyu; singida; tabora; tanga; zanzibar north; zanzibar south and central; zanzibar west"
"ug","adjumani; apac; arua; bugiri; bundibugyo; bushenyi; busia; gulu; hoima; iganga; jinja; kabale; kabarole; kaberamaido; kalangala; kampala; kamuli; kamwenge; kanungu; kapchorwa; kasese; katakwi; kayunga; kibale; kiboga; kisoro; kitgum; kotido; kumi; kyenjojo; lake albert; lake victoria; lira; luwero; masaka; masindi; mayuge; mbale; mbarara; moroto; moyo; mpigi; mubende; mukono; nakapiripirit; nakasongola; nebbi; ntungamo; pader; pallisa; rakai; rukungiri; sembabule; sironko; soroti; tororo; wakiso; yumbe"
"ua","cherkasy; chernihiv; chernivtsi; crimea; dnipropetrovs'k; donets'k; ivano-frankivs'k; kharkiv; kherson; khmel'nyts'kyy; kiev; kiev city; kirovohrad; l'viv; luhans'k; mykolayiv; odessa; poltava; rivne; sevastopol'; sumy; ternopil'; transcarpathia; vinnytsya; volyn; zaporizhzhya; zhytomyr"
"us","baker; howland; jarvis island; johnston; kingman reef; midway; navassa; palmyra; wake; alabama; alaska; arizona; arkansas; california; colorado; connecticut; delaware; district of columbia; florida; georgia; hawaii; idaho; illinois; indiana; iowa; kansas; kentucky; louisiana; maine; maryland; massachusetts; michigan; minnesota; mississippi; missouri; montana; nebraska; nevada; new hampshire; new jersey; new mexico; new york; north carolina; north dakota; ohio; oklahoma; oregon; pennsylvania; rhode island; south carolina; south dakota; tennessee; texas; utah; vermont; virginia; washington; west virginia; wisconsin; wyoming"
"uy","artigas; canelones; cerro largo; colonia; durazno; flores; florida; lavalleja; maldonado; montevideo; paysandú; río negro; rivera; rocha; salto; san josé; soriano; tacuarembó; treinta y tres"
"uz","andijon; bukhoro; ferghana; jizzakh; karakalpakstan; kashkadarya; khorezm; namangan; navoi; samarkand; sirdaryo; surkhandarya; tashkent; tashkent city"
"vc","charlotte; grenadines; saint andrew; saint david; saint george; saint patrick"
"ve","amazonas; anzoátegui; apure; aragua; barinas; bolívar; carabobo; cojedes; delta amacuro; dependencias federales; distrito capital; falcón; guárico; lara; mérida; miranda; monagas; nueva esparta; portuguesa; sucre; táchira; trujillo; vargas; yaracuy; zulia"
"vg","anegada; jost van dyke; other islands; tortola; virgin gorda"
"vi","saint croix; saint john; saint thomas"
"vn","an giang; NA; NA; NA; NA; NA; NA; NA; bình duong; NA; NA; NA; cà mau; NA; NA; NA; NA; NA; NA; NA; gia lai; NA; NA; NA; NA; hà giang; NA; hà nam; hà tinh; hoà bình; hung yên; khánh hòa; kiên giang; kon tum; NA; lai châu; NA; lào cai; long an; NA; NA; ninh bình; NA; NA; phú yên; NA; NA; NA; NA; NA; sóc trang; son la; tây ninh; NA; thái bình; thái nguyên; thanh hóa; NA; trà vinh; tuyên quang; vinh long; vinh phúc; yên bái"
"vu","malampa; penama; sanma; shefa; tafea; torba"
"wf","alo; singave; uvéa"
"ws","a'ana; aiga-i-le-tai; atua; fa'asaleleaga; gaga'emauga; gagaifomauga; palauli; satupa'itea; tuamasaga; va'a-o-fonoti; vaisigano"
"xa","akrotiri; dhekelia"
"xk","ðakovica; gnjilane; pristina; uroševac"
"ye","`adan; abyan; al bayda'; al dali'; al hudaydah; al jawf; al mahrah; al mahwit; amanat al asimah; amran; dhamar; hadramawt; hajjah; ibb; lahij; ma'rib; raymah; sa`dah; san`a'; shabwah; ta`izz"
"za","eastern cape; free state; gauteng; kwazulu-natal; limpopo; mpumalanga; north west; northern cape; western cape"
"zm","central; copperbelt; eastern; luapula; lusaka; muchinga; north-western; northern; southern; western"
"zw","bulawayo; harare; manicaland; mashonaland central; mashonaland east; mashonaland west; masvingo; matabeleland north; matabeleland south; midlands"
