"","sub_region_1","CountryCode","CountryName","Region"
"1","aw","aw","aruba","LATIN AMER. & CARIB"
"2","af","af","afghanistan","ASIA (EX. NEAR EAST)"
"3","ao","ao","angola","SUB-SAHARAN AFRICA"
"4","al","al","albania","EASTERN EUROPE"
"5","ad","ad","andorra","WESTERN EUROPE"
"6","ae","ae","united arab emirates","NEAR EAST"
"7","ar","ar","argentina","LATIN AMER. & CARIB"
"8","au","au","australia","OCEANIA"
"9","at","at","austria","WESTERN EUROPE"
"10","az","az","azerbaijan","C.W. OF IND. STATES"
"11","bi","bi","burundi","SUB-SAHARAN AFRICA"
"12","be","be","belgium","WESTERN EUROPE"
"13","bf","bf","burkina faso","SUB-SAHARAN AFRICA"
"14","bd","bd","bangladesh","ASIA (EX. NEAR EAST)"
"15","bg","bg","bulgaria","EASTERN EUROPE"
"16","bh","bh","bahrain","NEAR EAST"
"17","ba","ba","bosnia and herzegovina","EASTERN EUROPE"
"18","bz","bz","belize","LATIN AMER. & CARIB"
"19","bm","bm","bermuda","NORTHERN AMERICA"
"20","bo","bo","bolivia","LATIN AMER. & CARIB"
"21","br","br","brazil","LATIN AMER. & CARIB"
"22","bb","bb","barbados","LATIN AMER. & CARIB"
"23","bn","bn","brunei","ASIA (EX. NEAR EAST)"
"24","bw","bw","botswana","SUB-SAHARAN AFRICA"
"25","ca","ca","canada","NORTHERN AMERICA"
"26","ch","ch","switzerland","WESTERN EUROPE"
"27","cl","cl","chile","LATIN AMER. & CARIB"
"28","cn","cn","china","ASIA (EX. NEAR EAST)"
"29","cm","cm","cameroon","SUB-SAHARAN AFRICA"
"30","cd","cd","democratic republic of congo","SUB-SAHARAN AFRICA"
"31","co","co","colombia","LATIN AMER. & CARIB"
"32","cv","cv","cape verde","SUB-SAHARAN AFRICA"
"33","cr","cr","costa rica","LATIN AMER. & CARIB"
"34","cu","cu","cuba","LATIN AMER. & CARIB"
"35","cy","cy","cyprus","NEAR EAST"
"36","cz","cz","czech republic","EASTERN EUROPE"
"37","de","de","germany","WESTERN EUROPE"
"38","dj","dj","djibouti","SUB-SAHARAN AFRICA"
"39","dm","dm","dominica","LATIN AMER. & CARIB"
"40","dk","dk","denmark","WESTERN EUROPE"
"41","do","do","dominican republic","LATIN AMER. & CARIB"
"42","dz","dz","algeria","NORTHERN AFRICA"
"43","ec","ec","ecuador","LATIN AMER. & CARIB"
"44","eg","eg","egypt","NORTHERN AFRICA"
"45","es","es","spain","WESTERN EUROPE"
"46","ee","ee","estonia","EASTERN EUROPE"
"47","et","et","ethiopia","SUB-SAHARAN AFRICA"
"48","fi","fi","finland","WESTERN EUROPE"
"49","fr","fr","france","WESTERN EUROPE"
"50","ga","ga","gabon","SUB-SAHARAN AFRICA"
"51","gb","gb","united kingdom","WESTERN EUROPE"
"52","gh","gh","ghana","SUB-SAHARAN AFRICA"
"53","gm","gm","gambia","SUB-SAHARAN AFRICA"
"54","gr","gr","greece","WESTERN EUROPE"
"55","gl","gl","greenland","NORTHERN AMERICA"
"56","gt","gt","guatemala","LATIN AMER. & CARIB"
"57","gu","gu","guam","OCEANIA"
"58","gy","gy","guyana","LATIN AMER. & CARIB"
"59","hk","hk","hong kong","ASIA (EX. NEAR EAST)"
"60","hn","hn","honduras","LATIN AMER. & CARIB"
"61","hr","hr","croatia","EASTERN EUROPE"
"62","hu","hu","hungary","EASTERN EUROPE"
"63","id","id","indonesia","ASIA (EX. NEAR EAST)"
"64","in","in","india","ASIA (EX. NEAR EAST)"
"65","ie","ie","ireland","WESTERN EUROPE"
"66","ir","ir","iran","ASIA (EX. NEAR EAST)"
"67","iq","iq","iraq","NEAR EAST"
"68","is","is","iceland","WESTERN EUROPE"
"69","il","il","israel","NEAR EAST"
"70","it","it","italy","WESTERN EUROPE"
"71","jm","jm","jamaica","LATIN AMER. & CARIB"
"72","jo","jo","jordan","NEAR EAST"
"73","jp","jp","japan","ASIA (EX. NEAR EAST)"
"74","kz","kz","kazakhstan","C.W. OF IND. STATES"
"75","ke","ke","kenya","SUB-SAHARAN AFRICA"
"76","kg","kg","kyrgyz republic",NA
"77","kr","kr","south korea","ASIA (EX. NEAR EAST)"
"78","kw","kw","kuwait","NEAR EAST"
"79","la","la","laos","ASIA (EX. NEAR EAST)"
"80","lb","lb","lebanon","NEAR EAST"
"81","ly","ly","libya","NORTHERN AFRICA"
"82","lk","lk","sri lanka","ASIA (EX. NEAR EAST)"
"83","ls","ls","lesotho","SUB-SAHARAN AFRICA"
"84","lu","lu","luxembourg","WESTERN EUROPE"
"85","mo","mo","macao","ASIA (EX. NEAR EAST)"
"86","ma","ma","morocco","NORTHERN AFRICA"
"87","md","md","moldova","C.W. OF IND. STATES"
"88","mg","mg","madagascar","SUB-SAHARAN AFRICA"
"89","mx","mx","mexico","LATIN AMER. & CARIB"
"90","ml","ml","mali","SUB-SAHARAN AFRICA"
"91","mm","mm","myanmar","ASIA (EX. NEAR EAST)"
"92","mn","mn","mongolia","ASIA (EX. NEAR EAST)"
"93","mz","mz","mozambique","SUB-SAHARAN AFRICA"
"94","mr","mr","mauritania","SUB-SAHARAN AFRICA"
"95","mu","mu","mauritius","SUB-SAHARAN AFRICA"
"96","mw","mw","malawi","SUB-SAHARAN AFRICA"
"97","my","my","malaysia","ASIA (EX. NEAR EAST)"
"98","na","na","namibia","SUB-SAHARAN AFRICA"
"99","ne","ne","niger","SUB-SAHARAN AFRICA"
"100","ng","ng","nigeria","SUB-SAHARAN AFRICA"
"101","ni","ni","nicaragua","LATIN AMER. & CARIB"
"102","nl","nl","netherlands","WESTERN EUROPE"
"103","no","no","norway","WESTERN EUROPE"
"104","nz","nz","new zealand","OCEANIA"
"105","om","om","oman","NEAR EAST"
"106","pk","pk","pakistan","ASIA (EX. NEAR EAST)"
"107","pa","pa","panama","LATIN AMER. & CARIB"
"108","pe","pe","peru","LATIN AMER. & CARIB"
"109","ph","ph","philippines","ASIA (EX. NEAR EAST)"
"110","pg","pg","papua new guinea","OCEANIA"
"111","pl","pl","poland","EASTERN EUROPE"
"112","pr","pr","puerto rico","LATIN AMER. & CARIB"
"113","pt","pt","portugal","WESTERN EUROPE"
"114","py","py","paraguay","LATIN AMER. & CARIB"
"115","ps","ps","palestine",NA
"116","qa","qa","qatar","NEAR EAST"
"117","ro","ro","romania","EASTERN EUROPE"
"118","ru","ru","russia","C.W. OF IND. STATES"
"119","rw","rw","rwanda","SUB-SAHARAN AFRICA"
"120","sa","sa","saudi arabia","NEAR EAST"
"121","sd","sd","sudan","SUB-SAHARAN AFRICA"
"122","sg","sg","singapore","ASIA (EX. NEAR EAST)"
"123","sl","sl","sierra leone","SUB-SAHARAN AFRICA"
"124","sv","sv","el salvador","LATIN AMER. & CARIB"
"125","sm","sm","san marino","WESTERN EUROPE"
"126","rs","rs","serbia","EASTERN EUROPE"
"127","sk","sk","slovak republic","EASTERN EUROPE"
"128","si","si","slovenia","EASTERN EUROPE"
"129","se","se","sweden","WESTERN EUROPE"
"130","sz","sz","eswatini","SUB-SAHARAN AFRICA"
"131","sc","sc","seychelles","SUB-SAHARAN AFRICA"
"132","sy","sy","syria","NEAR EAST"
"133","td","td","chad","SUB-SAHARAN AFRICA"
"134","th","th","thailand","ASIA (EX. NEAR EAST)"
"135","tt","tt","trinidad and tobago","LATIN AMER. & CARIB"
"136","tn","tn","tunisia","NORTHERN AFRICA"
"137","tr","tr","turkey","NEAR EAST"
"138","tz","tz","tanzania","SUB-SAHARAN AFRICA"
"139","ug","ug","uganda","SUB-SAHARAN AFRICA"
"140","ua","ua","ukraine","C.W. OF IND. STATES"
"141","uy","uy","uruguay","LATIN AMER. & CARIB"
"142","us","us","united states","NORTHERN AMERICA"
"143","uz","uz","uzbekistan","C.W. OF IND. STATES"
"144","ve","ve","venezuela","LATIN AMER. & CARIB"
"145","vn","vn","vietnam","ASIA (EX. NEAR EAST)"
"146","za","za","south africa","SUB-SAHARAN AFRICA"
"147","zm","zm","zambia","SUB-SAHARAN AFRICA"
"148","zw","zw","zimbabwe","SUB-SAHARAN AFRICA"
"149","tw","tw","taiwan","ASIA (EX. NEAR EAST)"
"150","abu dhabi","ae","united arab emirates","NEAR EAST"
"151","ajman","ae","united arab emirates","NEAR EAST"
"152","dubai","ae","united arab emirates","NEAR EAST"
"153","fujairah","ae","united arab emirates","NEAR EAST"
"154","ras al khaimah","ae","united arab emirates","NEAR EAST"
"155","sharjah","ae","united arab emirates","NEAR EAST"
"156","umm al quawain","ae","united arab emirates","NEAR EAST"
"157","buenos aires","ar","argentina","LATIN AMER. & CARIB"
"158","buenos aires province","ar","argentina","LATIN AMER. & CARIB"
"159","catamarca province","ar","argentina","LATIN AMER. & CARIB"
"160","chaco province","ar","argentina","LATIN AMER. & CARIB"
"161","chubut province","ar","argentina","LATIN AMER. & CARIB"
"162","cordoba","ar","argentina","LATIN AMER. & CARIB"
"163","corrientes","ar","argentina","LATIN AMER. & CARIB"
"164","entre rios","ar","argentina","LATIN AMER. & CARIB"
"165","formosa province","ar","argentina","LATIN AMER. & CARIB"
"166","jujuy","ar","argentina","LATIN AMER. & CARIB"
"167","la pampa","ar","argentina","LATIN AMER. & CARIB"
"168","la rioja province","ar","argentina","LATIN AMER. & CARIB"
"169","mendoza province","ar","argentina","LATIN AMER. & CARIB"
"170","misiones province","ar","argentina","LATIN AMER. & CARIB"
"171","neuquen","ar","argentina","LATIN AMER. & CARIB"
"172","r<ed>o negro","ar","argentina","LATIN AMER. & CARIB"
"173","salta province","ar","argentina","LATIN AMER. & CARIB"
"174","san juan province","ar","argentina","LATIN AMER. & CARIB"
"175","san luis province","ar","argentina","LATIN AMER. & CARIB"
"176","santa cruz province","ar","argentina","LATIN AMER. & CARIB"
"177","santa fe province","ar","argentina","LATIN AMER. & CARIB"
"178","santiago del estero province","ar","argentina","LATIN AMER. & CARIB"
"179","tierra del fuego province","ar","argentina","LATIN AMER. & CARIB"
"180","tucum<e1>n","ar","argentina","LATIN AMER. & CARIB"
"181","australian capital territory","au","australia","OCEANIA"
"182","new south wales","au","australia","OCEANIA"
"183","northern territory","au","australia","OCEANIA"
"184","queensland","au","australia","OCEANIA"
"185","south australia","au","australia","OCEANIA"
"186","tasmania","au","australia","OCEANIA"
"187","victoria","au","australia","OCEANIA"
"188","western australia","au","australia","OCEANIA"
"189","burgenland","at","austria","WESTERN EUROPE"
"190","carinthia","at","austria","WESTERN EUROPE"
"191","lower austria","at","austria","WESTERN EUROPE"
"192","salzburg","at","austria","WESTERN EUROPE"
"193","styria","at","austria","WESTERN EUROPE"
"194","tyrol","at","austria","WESTERN EUROPE"
"195","upper austria","at","austria","WESTERN EUROPE"
"196","vienna","at","austria","WESTERN EUROPE"
"197","vorarlberg","at","austria","WESTERN EUROPE"
"198","brussels","be","belgium","WESTERN EUROPE"
"199","flanders","be","belgium","WESTERN EUROPE"
"200","wallonia","be","belgium","WESTERN EUROPE"
"201","blagoevgrad province","bg","bulgaria","EASTERN EUROPE"
"202","burgas","bg","bulgaria","EASTERN EUROPE"
"203","dobrich province","bg","bulgaria","EASTERN EUROPE"
"204","gabrovo","bg","bulgaria","EASTERN EUROPE"
"205","haskovo province","bg","bulgaria","EASTERN EUROPE"
"206","jambol","bg","bulgaria","EASTERN EUROPE"
"207","kardzhali province","bg","bulgaria","EASTERN EUROPE"
"208","kyustendil province","bg","bulgaria","EASTERN EUROPE"
"209","lovec","bg","bulgaria","EASTERN EUROPE"
"210","montana province","bg","bulgaria","EASTERN EUROPE"
"211","pazardzhik","bg","bulgaria","EASTERN EUROPE"
"212","pernik","bg","bulgaria","EASTERN EUROPE"
"213","pleven province","bg","bulgaria","EASTERN EUROPE"
"214","plovdiv province","bg","bulgaria","EASTERN EUROPE"
"215","razgrad","bg","bulgaria","EASTERN EUROPE"
"216","ruse","bg","bulgaria","EASTERN EUROPE"
"217","shumen province","bg","bulgaria","EASTERN EUROPE"
"218","silistra","bg","bulgaria","EASTERN EUROPE"
"219","sliven province","bg","bulgaria","EASTERN EUROPE"
"220","smoljan","bg","bulgaria","EASTERN EUROPE"
"221","sofia city province","bg","bulgaria","EASTERN EUROPE"
"222","sofia province","bg","bulgaria","EASTERN EUROPE"
"223","stara zagora","bg","bulgaria","EASTERN EUROPE"
"224","targovishte province","bg","bulgaria","EASTERN EUROPE"
"225","varna","bg","bulgaria","EASTERN EUROPE"
"226","veliko tarnovo province","bg","bulgaria","EASTERN EUROPE"
"227","vidin","bg","bulgaria","EASTERN EUROPE"
"228","vraca","bg","bulgaria","EASTERN EUROPE"
"229","federal district","br","brazil","LATIN AMER. & CARIB"
"230","state of acre","br","brazil","LATIN AMER. & CARIB"
"231","state of alagoas","br","brazil","LATIN AMER. & CARIB"
"232","state of amap<e1>","br","brazil","LATIN AMER. & CARIB"
"233","state of amazonas","br","brazil","LATIN AMER. & CARIB"
"234","state of bahia","br","brazil","LATIN AMER. & CARIB"
"235","state of cear<e1>","br","brazil","LATIN AMER. & CARIB"
"236","state of esp<ed>rito santo","br","brazil","LATIN AMER. & CARIB"
"237","state of goi<e1>s","br","brazil","LATIN AMER. & CARIB"
"238","state of maranh<e3>o","br","brazil","LATIN AMER. & CARIB"
"239","state of mato grosso","br","brazil","LATIN AMER. & CARIB"
"240","state of mato grosso do sul","br","brazil","LATIN AMER. & CARIB"
"241","state of minas gerais","br","brazil","LATIN AMER. & CARIB"
"242","state of par<e1>","br","brazil","LATIN AMER. & CARIB"
"243","state of para<ed>ba","br","brazil","LATIN AMER. & CARIB"
"244","state of paran<e1>","br","brazil","LATIN AMER. & CARIB"
"245","state of pernambuco","br","brazil","LATIN AMER. & CARIB"
"246","state of piau<ed>","br","brazil","LATIN AMER. & CARIB"
"247","state of rio de janeiro","br","brazil","LATIN AMER. & CARIB"
"248","state of rio grande do norte","br","brazil","LATIN AMER. & CARIB"
"249","state of rio grande do sul","br","brazil","LATIN AMER. & CARIB"
"250","state of rond<f4>nia","br","brazil","LATIN AMER. & CARIB"
"251","state of roraima","br","brazil","LATIN AMER. & CARIB"
"252","state of santa catarina","br","brazil","LATIN AMER. & CARIB"
"253","state of s<e3>o paulo","br","brazil","LATIN AMER. & CARIB"
"254","state of sergipe","br","brazil","LATIN AMER. & CARIB"
"255","state of tocantins","br","brazil","LATIN AMER. & CARIB"
"256","christ church","bb","barbados","LATIN AMER. & CARIB"
"257","saint george","bb","barbados","LATIN AMER. & CARIB"
"258","saint james","bb","barbados","LATIN AMER. & CARIB"
"259","saint michael","bb","barbados","LATIN AMER. & CARIB"
"260","saint peter","bb","barbados","LATIN AMER. & CARIB"
"261","saint philip","bb","barbados","LATIN AMER. & CARIB"
"262","alberta","ca","canada","NORTHERN AMERICA"
"263","british columbia","ca","canada","NORTHERN AMERICA"
"264","manitoba","ca","canada","NORTHERN AMERICA"
"265","new brunswick","ca","canada","NORTHERN AMERICA"
"266","newfoundland and labrador","ca","canada","NORTHERN AMERICA"
"267","northwest territories","ca","canada","NORTHERN AMERICA"
"268","nova scotia","ca","canada","NORTHERN AMERICA"
"269","nunavut","ca","canada","NORTHERN AMERICA"
"270","ontario","ca","canada","NORTHERN AMERICA"
"271","prince edward island","ca","canada","NORTHERN AMERICA"
"272","quebec","ca","canada","NORTHERN AMERICA"
"273","saskatchewan","ca","canada","NORTHERN AMERICA"
"274","yukon","ca","canada","NORTHERN AMERICA"
"275","aargau","ch","switzerland","WESTERN EUROPE"
"276","appenzell ausserrhoden","ch","switzerland","WESTERN EUROPE"
"277","basel city","ch","switzerland","WESTERN EUROPE"
"278","basel-landschaft","ch","switzerland","WESTERN EUROPE"
"279","canton of bern","ch","switzerland","WESTERN EUROPE"
"280","canton of zug","ch","switzerland","WESTERN EUROPE"
"281","fribourg","ch","switzerland","WESTERN EUROPE"
"282","geneva","ch","switzerland","WESTERN EUROPE"
"283","glarus","ch","switzerland","WESTERN EUROPE"
"284","grisons","ch","switzerland","WESTERN EUROPE"
"285","jura","ch","switzerland","WESTERN EUROPE"
"286","lucerne","ch","switzerland","WESTERN EUROPE"
"287","neuch<e2>tel","ch","switzerland","WESTERN EUROPE"
"288","nidwalden","ch","switzerland","WESTERN EUROPE"
"289","obwalden","ch","switzerland","WESTERN EUROPE"
"290","schaffhausen","ch","switzerland","WESTERN EUROPE"
"291","schwyz","ch","switzerland","WESTERN EUROPE"
"292","solothurn","ch","switzerland","WESTERN EUROPE"
"293","st. gallen","ch","switzerland","WESTERN EUROPE"
"294","thurgau","ch","switzerland","WESTERN EUROPE"
"295","ticino","ch","switzerland","WESTERN EUROPE"
"296","uri","ch","switzerland","WESTERN EUROPE"
"297","valais","ch","switzerland","WESTERN EUROPE"
"298","vaud","ch","switzerland","WESTERN EUROPE"
"299","zurich","ch","switzerland","WESTERN EUROPE"
"300","antofagasta","cl","chile","LATIN AMER. & CARIB"
"301","araucania","cl","chile","LATIN AMER. & CARIB"
"302","arica y parinacota","cl","chile","LATIN AMER. & CARIB"
"303","atacama","cl","chile","LATIN AMER. & CARIB"
"304","ays<e9>n","cl","chile","LATIN AMER. & CARIB"
"305","bio bio","cl","chile","LATIN AMER. & CARIB"
"306","coquimbo","cl","chile","LATIN AMER. & CARIB"
"307","los lagos","cl","chile","LATIN AMER. & CARIB"
"308","los r<ed>os","cl","chile","LATIN AMER. & CARIB"
"309","magallanes and chilean antarctica","cl","chile","LATIN AMER. & CARIB"
"310","maule","cl","chile","LATIN AMER. & CARIB"
"311","<f1>uble","cl","chile","LATIN AMER. & CARIB"
"312","o'higgins","cl","chile","LATIN AMER. & CARIB"
"313","santiago metropolitan region","cl","chile","LATIN AMER. & CARIB"
"314","tarapac<e1>","cl","chile","LATIN AMER. & CARIB"
"315","valpara<ed>so","cl","chile","LATIN AMER. & CARIB"
"316","amazonas department","co","colombia","LATIN AMER. & CARIB"
"317","antioquia","co","colombia","LATIN AMER. & CARIB"
"318","arauca","co","colombia","LATIN AMER. & CARIB"
"319","atlantico","co","colombia","LATIN AMER. & CARIB"
"320","bogota","co","colombia","LATIN AMER. & CARIB"
"321","bolivar","co","colombia","LATIN AMER. & CARIB"
"322","boyaca","co","colombia","LATIN AMER. & CARIB"
"323","caldas","co","colombia","LATIN AMER. & CARIB"
"324","caquet<e1>","co","colombia","LATIN AMER. & CARIB"
"325","casanare","co","colombia","LATIN AMER. & CARIB"
"326","cauca","co","colombia","LATIN AMER. & CARIB"
"327","cesar","co","colombia","LATIN AMER. & CARIB"
"328","choco","co","colombia","LATIN AMER. & CARIB"
"329","cordoba","co","colombia","LATIN AMER. & CARIB"
"330","cundinamarca","co","colombia","LATIN AMER. & CARIB"
"331","guaviare","co","colombia","LATIN AMER. & CARIB"
"332","huila","co","colombia","LATIN AMER. & CARIB"
"333","la guajira","co","colombia","LATIN AMER. & CARIB"
"334","magdalena","co","colombia","LATIN AMER. & CARIB"
"335","meta","co","colombia","LATIN AMER. & CARIB"
"336","narino","co","colombia","LATIN AMER. & CARIB"
"337","north santander","co","colombia","LATIN AMER. & CARIB"
"338","putumayo","co","colombia","LATIN AMER. & CARIB"
"339","quindio","co","colombia","LATIN AMER. & CARIB"
"340","risaralda","co","colombia","LATIN AMER. & CARIB"
"341","san andr<e9>s and providencia","co","colombia","LATIN AMER. & CARIB"
"342","santander","co","colombia","LATIN AMER. & CARIB"
"343","sucre","co","colombia","LATIN AMER. & CARIB"
"344","tolima","co","colombia","LATIN AMER. & CARIB"
"345","valle del cauca","co","colombia","LATIN AMER. & CARIB"
"346","vichada","co","colombia","LATIN AMER. & CARIB"
"347","central bohemian region","cz","czech republic","EASTERN EUROPE"
"348","hradec kr<e1>lov<e9> region","cz","czech republic","EASTERN EUROPE"
"349","karlovy vary region","cz","czech republic","EASTERN EUROPE"
"350","liberec region","cz","czech republic","EASTERN EUROPE"
"351","moravian-silesian region","cz","czech republic","EASTERN EUROPE"
"352","olomouc region","cz","czech republic","EASTERN EUROPE"
"353","pardubice region","cz","czech republic","EASTERN EUROPE"
"354","plzen region","cz","czech republic","EASTERN EUROPE"
"355","prague","cz","czech republic","EASTERN EUROPE"
"356","south bohemian region","cz","czech republic","EASTERN EUROPE"
"357","south moravian region","cz","czech republic","EASTERN EUROPE"
"358","<fa>st<ed> nad labem region","cz","czech republic","EASTERN EUROPE"
"359","vysocina region","cz","czech republic","EASTERN EUROPE"
"360","zlin region","cz","czech republic","EASTERN EUROPE"
"361","baden-w<fc>rttemberg","de","germany","WESTERN EUROPE"
"362","bavaria","de","germany","WESTERN EUROPE"
"363","berlin","de","germany","WESTERN EUROPE"
"364","brandenburg","de","germany","WESTERN EUROPE"
"365","bremen","de","germany","WESTERN EUROPE"
"366","hamburg","de","germany","WESTERN EUROPE"
"367","hesse","de","germany","WESTERN EUROPE"
"368","lower saxony","de","germany","WESTERN EUROPE"
"369","mecklenburg-vorpommern","de","germany","WESTERN EUROPE"
"370","north rhine-westphalia","de","germany","WESTERN EUROPE"
"371","rhineland-palatinate","de","germany","WESTERN EUROPE"
"372","saarland","de","germany","WESTERN EUROPE"
"373","saxony","de","germany","WESTERN EUROPE"
"374","saxony-anhalt","de","germany","WESTERN EUROPE"
"375","schleswig-holstein","de","germany","WESTERN EUROPE"
"376","thuringia","de","germany","WESTERN EUROPE"
"377","capital region of denmark","dk","denmark","WESTERN EUROPE"
"378","central denmark region","dk","denmark","WESTERN EUROPE"
"379","north denmark region","dk","denmark","WESTERN EUROPE"
"380","region of southern denmark","dk","denmark","WESTERN EUROPE"
"381","region zealand","dk","denmark","WESTERN EUROPE"
"382","al qalyubia governorate","eg","egypt","NORTHERN AFRICA"
"383","alexandria governorate","eg","egypt","NORTHERN AFRICA"
"384","ash sharqia governorate","eg","egypt","NORTHERN AFRICA"
"385","assiut governorate","eg","egypt","NORTHERN AFRICA"
"386","aswan governorate","eg","egypt","NORTHERN AFRICA"
"387","beni suef governorate","eg","egypt","NORTHERN AFRICA"
"388","cairo governorate","eg","egypt","NORTHERN AFRICA"
"389","dakahlia governorate","eg","egypt","NORTHERN AFRICA"
"390","damietta governorate","eg","egypt","NORTHERN AFRICA"
"391","el beheira governorate","eg","egypt","NORTHERN AFRICA"
"392","faiyum governorate","eg","egypt","NORTHERN AFRICA"
"393","gharbia governorate","eg","egypt","NORTHERN AFRICA"
"394","giza governorate","eg","egypt","NORTHERN AFRICA"
"395","ismailia governorate","eg","egypt","NORTHERN AFRICA"
"396","kafr el sheikh governorate","eg","egypt","NORTHERN AFRICA"
"397","luxor governorate","eg","egypt","NORTHERN AFRICA"
"398","matrouh governorate","eg","egypt","NORTHERN AFRICA"
"399","menia governorate","eg","egypt","NORTHERN AFRICA"
"400","menofia governorate","eg","egypt","NORTHERN AFRICA"
"401","new valley governorate","eg","egypt","NORTHERN AFRICA"
"402","north sinai governorate","eg","egypt","NORTHERN AFRICA"
"403","port said governorate","eg","egypt","NORTHERN AFRICA"
"404","qena governorate","eg","egypt","NORTHERN AFRICA"
"405","red sea governorate","eg","egypt","NORTHERN AFRICA"
"406","sohag governorate","eg","egypt","NORTHERN AFRICA"
"407","south sinai governorate","eg","egypt","NORTHERN AFRICA"
"408","suez governorate","eg","egypt","NORTHERN AFRICA"
"409","andalusia","es","spain","WESTERN EUROPE"
"410","aragon","es","spain","WESTERN EUROPE"
"411","asturias","es","spain","WESTERN EUROPE"
"412","balearic islands","es","spain","WESTERN EUROPE"
"413","basque country","es","spain","WESTERN EUROPE"
"414","canary islands","es","spain","WESTERN EUROPE"
"415","cantabria","es","spain","WESTERN EUROPE"
"416","castile and le<f3>n","es","spain","WESTERN EUROPE"
"417","castile-la mancha","es","spain","WESTERN EUROPE"
"418","catalonia","es","spain","WESTERN EUROPE"
"419","ceuta","es","spain","WESTERN EUROPE"
"420","community of madrid","es","spain","WESTERN EUROPE"
"421","extremadura","es","spain","WESTERN EUROPE"
"422","galicia","es","spain","WESTERN EUROPE"
"423","la rioja","es","spain","WESTERN EUROPE"
"424","melilla","es","spain","WESTERN EUROPE"
"425","navarre","es","spain","WESTERN EUROPE"
"426","region of murcia","es","spain","WESTERN EUROPE"
"427","valencian community","es","spain","WESTERN EUROPE"
"428","harju county","ee","estonia","EASTERN EUROPE"
"429","ida-viru county","ee","estonia","EASTERN EUROPE"
"430","j<e4>rva county","ee","estonia","EASTERN EUROPE"
"431","j<f5>geva county","ee","estonia","EASTERN EUROPE"
"432","l<e4><e4>ne county","ee","estonia","EASTERN EUROPE"
"433","l<e4><e4>ne-viru county","ee","estonia","EASTERN EUROPE"
"434","p<e4>rnu county","ee","estonia","EASTERN EUROPE"
"435","p<f5>lva county","ee","estonia","EASTERN EUROPE"
"436","rapla county","ee","estonia","EASTERN EUROPE"
"437","saare county","ee","estonia","EASTERN EUROPE"
"438","tartu county","ee","estonia","EASTERN EUROPE"
"439","valga county","ee","estonia","EASTERN EUROPE"
"440","viljandi county","ee","estonia","EASTERN EUROPE"
"441","v<f5>ru county","ee","estonia","EASTERN EUROPE"
"442","central finland","fi","finland","WESTERN EUROPE"
"443","central ostrobothnia","fi","finland","WESTERN EUROPE"
"444","kainuu","fi","finland","WESTERN EUROPE"
"445","kymenlaakso","fi","finland","WESTERN EUROPE"
"446","lapland","fi","finland","WESTERN EUROPE"
"447","north karelia","fi","finland","WESTERN EUROPE"
"448","northern ostrobothnia","fi","finland","WESTERN EUROPE"
"449","northern savonia","fi","finland","WESTERN EUROPE"
"450","ostrobothnia","fi","finland","WESTERN EUROPE"
"451","p<e4>ij<e4>nne tavastia","fi","finland","WESTERN EUROPE"
"452","pirkanmaa","fi","finland","WESTERN EUROPE"
"453","satakunta","fi","finland","WESTERN EUROPE"
"454","south karelia","fi","finland","WESTERN EUROPE"
"455","southern ostrobothnia","fi","finland","WESTERN EUROPE"
"456","southern savonia","fi","finland","WESTERN EUROPE"
"457","southwest finland","fi","finland","WESTERN EUROPE"
"458","tavastia proper","fi","finland","WESTERN EUROPE"
"459","uusimaa","fi","finland","WESTERN EUROPE"
"460","auvergne-rh<f4>ne-alpes","fr","france","WESTERN EUROPE"
"461","bourgogne-franche-comt<e9>","fr","france","WESTERN EUROPE"
"462","brittany","fr","france","WESTERN EUROPE"
"463","centre-val de loire","fr","france","WESTERN EUROPE"
"464","corsica","fr","france","WESTERN EUROPE"
"465","grand est","fr","france","WESTERN EUROPE"
"466","hauts-de-france","fr","france","WESTERN EUROPE"
"467","<ee>le-de-france","fr","france","WESTERN EUROPE"
"468","normandy","fr","france","WESTERN EUROPE"
"469","nouvelle-aquitaine","fr","france","WESTERN EUROPE"
"470","occitanie","fr","france","WESTERN EUROPE"
"471","pays de la loire","fr","france","WESTERN EUROPE"
"472","provence-alpes-c<f4>te d'azur","fr","france","WESTERN EUROPE"
"473","aberdeen city","gb","united kingdom","WESTERN EUROPE"
"474","aberdeenshire","gb","united kingdom","WESTERN EUROPE"
"475","angus council","gb","united kingdom","WESTERN EUROPE"
"476","antrim and newtownabbey","gb","united kingdom","WESTERN EUROPE"
"477","ards and north down","gb","united kingdom","WESTERN EUROPE"
"478","argyll and bute council","gb","united kingdom","WESTERN EUROPE"
"479","armagh city, banbridge and craigavon","gb","united kingdom","WESTERN EUROPE"
"480","bath and north east somerset","gb","united kingdom","WESTERN EUROPE"
"481","bedford","gb","united kingdom","WESTERN EUROPE"
"482","belfast","gb","united kingdom","WESTERN EUROPE"
"483","blackburn with darwen","gb","united kingdom","WESTERN EUROPE"
"484","blackpool","gb","united kingdom","WESTERN EUROPE"
"485","blaenau gwent","gb","united kingdom","WESTERN EUROPE"
"486","borough of halton","gb","united kingdom","WESTERN EUROPE"
"487","bracknell forest","gb","united kingdom","WESTERN EUROPE"
"488","bridgend county borough","gb","united kingdom","WESTERN EUROPE"
"489","brighton and hove","gb","united kingdom","WESTERN EUROPE"
"490","buckinghamshire","gb","united kingdom","WESTERN EUROPE"
"491","caerphilly county borough","gb","united kingdom","WESTERN EUROPE"
"492","cambridgeshire","gb","united kingdom","WESTERN EUROPE"
"493","cardiff","gb","united kingdom","WESTERN EUROPE"
"494","carmarthenshire","gb","united kingdom","WESTERN EUROPE"
"495","causeway coast and glens","gb","united kingdom","WESTERN EUROPE"
"496","central bedfordshire","gb","united kingdom","WESTERN EUROPE"
"497","ceredigion","gb","united kingdom","WESTERN EUROPE"
"498","cheshire east","gb","united kingdom","WESTERN EUROPE"
"499","cheshire west and chester","gb","united kingdom","WESTERN EUROPE"
"500","city of bristol","gb","united kingdom","WESTERN EUROPE"
"501","clackmannanshire","gb","united kingdom","WESTERN EUROPE"
"502","conwy principal area","gb","united kingdom","WESTERN EUROPE"
"503","cornwall","gb","united kingdom","WESTERN EUROPE"
"504","county durham","gb","united kingdom","WESTERN EUROPE"
"505","cumbria","gb","united kingdom","WESTERN EUROPE"
"506","darlington","gb","united kingdom","WESTERN EUROPE"
"507","denbighshire","gb","united kingdom","WESTERN EUROPE"
"508","derby","gb","united kingdom","WESTERN EUROPE"
"509","derbyshire","gb","united kingdom","WESTERN EUROPE"
"510","derry and strabane","gb","united kingdom","WESTERN EUROPE"
"511","devon","gb","united kingdom","WESTERN EUROPE"
"512","dorset","gb","united kingdom","WESTERN EUROPE"
"513","dumfries and galloway","gb","united kingdom","WESTERN EUROPE"
"514","dundee city council","gb","united kingdom","WESTERN EUROPE"
"515","east ayrshire council","gb","united kingdom","WESTERN EUROPE"
"516","east dunbartonshire council","gb","united kingdom","WESTERN EUROPE"
"517","east lothian council","gb","united kingdom","WESTERN EUROPE"
"518","east renfrewshire council","gb","united kingdom","WESTERN EUROPE"
"519","east riding of yorkshire","gb","united kingdom","WESTERN EUROPE"
"520","east sussex","gb","united kingdom","WESTERN EUROPE"
"521","edinburgh","gb","united kingdom","WESTERN EUROPE"
"522","essex","gb","united kingdom","WESTERN EUROPE"
"523","falkirk","gb","united kingdom","WESTERN EUROPE"
"524","fermanagh and omagh","gb","united kingdom","WESTERN EUROPE"
"525","fife","gb","united kingdom","WESTERN EUROPE"
"526","flintshire","gb","united kingdom","WESTERN EUROPE"
"527","glasgow city","gb","united kingdom","WESTERN EUROPE"
"528","gloucestershire","gb","united kingdom","WESTERN EUROPE"
"529","greater london","gb","united kingdom","WESTERN EUROPE"
"530","greater manchester","gb","united kingdom","WESTERN EUROPE"
"531","gwynedd","gb","united kingdom","WESTERN EUROPE"
"532","hampshire","gb","united kingdom","WESTERN EUROPE"
"533","hartlepool","gb","united kingdom","WESTERN EUROPE"
"534","herefordshire","gb","united kingdom","WESTERN EUROPE"
"535","hertfordshire","gb","united kingdom","WESTERN EUROPE"
"536","highland council","gb","united kingdom","WESTERN EUROPE"
"537","inverclyde","gb","united kingdom","WESTERN EUROPE"
"538","isle of anglesey","gb","united kingdom","WESTERN EUROPE"
"539","isle of wight","gb","united kingdom","WESTERN EUROPE"
"540","kent","gb","united kingdom","WESTERN EUROPE"
"541","kingston upon hull","gb","united kingdom","WESTERN EUROPE"
"542","lancashire","gb","united kingdom","WESTERN EUROPE"
"543","leicester","gb","united kingdom","WESTERN EUROPE"
"544","leicestershire","gb","united kingdom","WESTERN EUROPE"
"545","lincolnshire","gb","united kingdom","WESTERN EUROPE"
"546","lisburn and castlereagh","gb","united kingdom","WESTERN EUROPE"
"547","luton","gb","united kingdom","WESTERN EUROPE"
"548","medway","gb","united kingdom","WESTERN EUROPE"
"549","merseyside","gb","united kingdom","WESTERN EUROPE"
"550","merthyr tydfil county borough","gb","united kingdom","WESTERN EUROPE"
"551","mid and east antrim","gb","united kingdom","WESTERN EUROPE"
"552","mid ulster","gb","united kingdom","WESTERN EUROPE"
"553","middlesbrough","gb","united kingdom","WESTERN EUROPE"
"554","midlothian","gb","united kingdom","WESTERN EUROPE"
"555","milton keynes","gb","united kingdom","WESTERN EUROPE"
"556","monmouthshire","gb","united kingdom","WESTERN EUROPE"
"557","moray","gb","united kingdom","WESTERN EUROPE"
"558","na h-eileanan an iar","gb","united kingdom","WESTERN EUROPE"
"559","neath port talbot principle area","gb","united kingdom","WESTERN EUROPE"
"560","newport","gb","united kingdom","WESTERN EUROPE"
"561","newry, mourne and down","gb","united kingdom","WESTERN EUROPE"
"562","norfolk","gb","united kingdom","WESTERN EUROPE"
"563","north ayrshire council","gb","united kingdom","WESTERN EUROPE"
"564","north east lincolnshire","gb","united kingdom","WESTERN EUROPE"
"565","north lanarkshire","gb","united kingdom","WESTERN EUROPE"
"566","north lincolnshire","gb","united kingdom","WESTERN EUROPE"
"567","north somerset","gb","united kingdom","WESTERN EUROPE"
"568","north yorkshire","gb","united kingdom","WESTERN EUROPE"
"569","northamptonshire","gb","united kingdom","WESTERN EUROPE"
"570","northumberland","gb","united kingdom","WESTERN EUROPE"
"571","nottingham","gb","united kingdom","WESTERN EUROPE"
"572","nottinghamshire","gb","united kingdom","WESTERN EUROPE"
"573","orkney","gb","united kingdom","WESTERN EUROPE"
"574","oxfordshire","gb","united kingdom","WESTERN EUROPE"
"575","pembrokeshire","gb","united kingdom","WESTERN EUROPE"
"576","perth and kinross","gb","united kingdom","WESTERN EUROPE"
"577","peterborough","gb","united kingdom","WESTERN EUROPE"
"578","plymouth","gb","united kingdom","WESTERN EUROPE"
"579","portsmouth","gb","united kingdom","WESTERN EUROPE"
"580","powys","gb","united kingdom","WESTERN EUROPE"
"581","reading","gb","united kingdom","WESTERN EUROPE"
"582","redcar and cleveland","gb","united kingdom","WESTERN EUROPE"
"583","renfrewshire","gb","united kingdom","WESTERN EUROPE"
"584","rhondda cynon taff","gb","united kingdom","WESTERN EUROPE"
"585","rutland","gb","united kingdom","WESTERN EUROPE"
"586","scottish borders","gb","united kingdom","WESTERN EUROPE"
"587","shetland islands","gb","united kingdom","WESTERN EUROPE"
"588","shropshire","gb","united kingdom","WESTERN EUROPE"
"589","slough","gb","united kingdom","WESTERN EUROPE"
"590","somerset","gb","united kingdom","WESTERN EUROPE"
"591","south ayrshire council","gb","united kingdom","WESTERN EUROPE"
"592","south gloucestershire","gb","united kingdom","WESTERN EUROPE"
"593","south lanarkshire","gb","united kingdom","WESTERN EUROPE"
"594","south yorkshire","gb","united kingdom","WESTERN EUROPE"
"595","southampton","gb","united kingdom","WESTERN EUROPE"
"596","southend-on-sea","gb","united kingdom","WESTERN EUROPE"
"597","staffordshire","gb","united kingdom","WESTERN EUROPE"
"598","stirling","gb","united kingdom","WESTERN EUROPE"
"599","stockton-on-tees","gb","united kingdom","WESTERN EUROPE"
"600","stoke-on-trent","gb","united kingdom","WESTERN EUROPE"
"601","suffolk","gb","united kingdom","WESTERN EUROPE"
"602","surrey","gb","united kingdom","WESTERN EUROPE"
"603","swansea","gb","united kingdom","WESTERN EUROPE"
"604","swindon","gb","united kingdom","WESTERN EUROPE"
"605","thurrock","gb","united kingdom","WESTERN EUROPE"
"606","torbay","gb","united kingdom","WESTERN EUROPE"
"607","torfaen principal area","gb","united kingdom","WESTERN EUROPE"
"608","tyne and wear","gb","united kingdom","WESTERN EUROPE"
"609","vale of glamorgan","gb","united kingdom","WESTERN EUROPE"
"610","warrington","gb","united kingdom","WESTERN EUROPE"
"611","warwickshire","gb","united kingdom","WESTERN EUROPE"
"612","west berkshire","gb","united kingdom","WESTERN EUROPE"
"613","west dunbartonshire council","gb","united kingdom","WESTERN EUROPE"
"614","west lothian","gb","united kingdom","WESTERN EUROPE"
"615","west midlands","gb","united kingdom","WESTERN EUROPE"
"616","west sussex","gb","united kingdom","WESTERN EUROPE"
"617","west yorkshire","gb","united kingdom","WESTERN EUROPE"
"618","wiltshire","gb","united kingdom","WESTERN EUROPE"
"619","windsor and maidenhead","gb","united kingdom","WESTERN EUROPE"
"620","wokingham","gb","united kingdom","WESTERN EUROPE"
"621","worcestershire","gb","united kingdom","WESTERN EUROPE"
"622","wrexham principal area","gb","united kingdom","WESTERN EUROPE"
"623","york","gb","united kingdom","WESTERN EUROPE"
"624","crete region","gr","greece","WESTERN EUROPE"
"625","decentralized administration of attica","gr","greece","WESTERN EUROPE"
"626","decentralized administration of epirus and western macedonia","gr","greece","WESTERN EUROPE"
"627","decentralized administration of macedonia and thrace","gr","greece","WESTERN EUROPE"
"628","decentralized administration of peloponnese, western greece and the ionian","gr","greece","WESTERN EUROPE"
"629","decentralized administration of the aegean","gr","greece","WESTERN EUROPE"
"630","decentralized administration of thessaly and central greece","gr","greece","WESTERN EUROPE"
"631","bjelovar-bilogora county","hr","croatia","EASTERN EUROPE"
"632","brod-posavina county","hr","croatia","EASTERN EUROPE"
"633","city of zagreb","hr","croatia","EASTERN EUROPE"
"634","dubrovnik-neretva county","hr","croatia","EASTERN EUROPE"
"635","istria county","hr","croatia","EASTERN EUROPE"
"636","karlovac county","hr","croatia","EASTERN EUROPE"
"637","koprivnica-kri<u+009e>evci county","hr","croatia","EASTERN EUROPE"
"638","krapina-zagorje county","hr","croatia","EASTERN EUROPE"
"639","lika-senj county","hr","croatia","EASTERN EUROPE"
"640","medimurje county","hr","croatia","EASTERN EUROPE"
"641","osijek-baranja county","hr","croatia","EASTERN EUROPE"
"642","po<u+009e>ega-slavonia county","hr","croatia","EASTERN EUROPE"
"643","primorje-gorski kotar county","hr","croatia","EASTERN EUROPE"
"644","<u+009a>ibenik-knin county","hr","croatia","EASTERN EUROPE"
"645","sisak-moslavina county","hr","croatia","EASTERN EUROPE"
"646","split-dalmatia county","hr","croatia","EASTERN EUROPE"
"647","vara<u+009e>din county","hr","croatia","EASTERN EUROPE"
"648","virovitica-podravina county","hr","croatia","EASTERN EUROPE"
"649","vukovar-srijem county","hr","croatia","EASTERN EUROPE"
"650","zadar county","hr","croatia","EASTERN EUROPE"
"651","zagreb county","hr","croatia","EASTERN EUROPE"
"652","b<e1>cs-kiskun","hu","hungary","EASTERN EUROPE"
"653","baranya","hu","hungary","EASTERN EUROPE"
"654","b<e9>k<e9>s county","hu","hungary","EASTERN EUROPE"
"655","borsod-aba<fa>j-zempl<e9>n","hu","hungary","EASTERN EUROPE"
"656","budapest","hu","hungary","EASTERN EUROPE"
"657","csongr<e1>d","hu","hungary","EASTERN EUROPE"
"658","fej<e9>r","hu","hungary","EASTERN EUROPE"
"659","gyor-moson-sopron","hu","hungary","EASTERN EUROPE"
"660","hajd<fa>-bihar","hu","hungary","EASTERN EUROPE"
"661","heves county","hu","hungary","EASTERN EUROPE"
"662","j<e1>sz-nagykun-szolnok","hu","hungary","EASTERN EUROPE"
"663","kom<e1>rom-esztergom","hu","hungary","EASTERN EUROPE"
"664","n<f3>gr<e1>d county","hu","hungary","EASTERN EUROPE"
"665","pest county","hu","hungary","EASTERN EUROPE"
"666","somogy county","hu","hungary","EASTERN EUROPE"
"667","szabolcs-szatm<e1>r-bereg","hu","hungary","EASTERN EUROPE"
"668","tolna county","hu","hungary","EASTERN EUROPE"
"669","vas county","hu","hungary","EASTERN EUROPE"
"670","veszpr<e9>m","hu","hungary","EASTERN EUROPE"
"671","zala county","hu","hungary","EASTERN EUROPE"
"672","aceh","id","indonesia","ASIA (EX. NEAR EAST)"
"673","bali","id","indonesia","ASIA (EX. NEAR EAST)"
"674","bangka belitung islands","id","indonesia","ASIA (EX. NEAR EAST)"
"675","banten","id","indonesia","ASIA (EX. NEAR EAST)"
"676","bengkulu","id","indonesia","ASIA (EX. NEAR EAST)"
"677","central java","id","indonesia","ASIA (EX. NEAR EAST)"
"678","central kalimantan","id","indonesia","ASIA (EX. NEAR EAST)"
"679","central sulawesi","id","indonesia","ASIA (EX. NEAR EAST)"
"680","east java","id","indonesia","ASIA (EX. NEAR EAST)"
"681","east kalimantan","id","indonesia","ASIA (EX. NEAR EAST)"
"682","east nusa tenggara","id","indonesia","ASIA (EX. NEAR EAST)"
"683","gorontalo","id","indonesia","ASIA (EX. NEAR EAST)"
"684","jakarta","id","indonesia","ASIA (EX. NEAR EAST)"
"685","jambi","id","indonesia","ASIA (EX. NEAR EAST)"
"686","lampung","id","indonesia","ASIA (EX. NEAR EAST)"
"687","maluku","id","indonesia","ASIA (EX. NEAR EAST)"
"688","north kalimantan","id","indonesia","ASIA (EX. NEAR EAST)"
"689","north maluku","id","indonesia","ASIA (EX. NEAR EAST)"
"690","north sulawesi","id","indonesia","ASIA (EX. NEAR EAST)"
"691","north sumatra","id","indonesia","ASIA (EX. NEAR EAST)"
"692","papua","id","indonesia","ASIA (EX. NEAR EAST)"
"693","riau","id","indonesia","ASIA (EX. NEAR EAST)"
"694","riau islands","id","indonesia","ASIA (EX. NEAR EAST)"
"695","south east sulawesi","id","indonesia","ASIA (EX. NEAR EAST)"
"696","south kalimantan","id","indonesia","ASIA (EX. NEAR EAST)"
"697","south sulawesi","id","indonesia","ASIA (EX. NEAR EAST)"
"698","south sumatra","id","indonesia","ASIA (EX. NEAR EAST)"
"699","special region of yogyakarta","id","indonesia","ASIA (EX. NEAR EAST)"
"700","west java","id","indonesia","ASIA (EX. NEAR EAST)"
"701","west kalimantan","id","indonesia","ASIA (EX. NEAR EAST)"
"702","west nusa tenggara","id","indonesia","ASIA (EX. NEAR EAST)"
"703","west papua","id","indonesia","ASIA (EX. NEAR EAST)"
"704","west sulawesi","id","indonesia","ASIA (EX. NEAR EAST)"
"705","west sumatra","id","indonesia","ASIA (EX. NEAR EAST)"
"706","andaman and nicobar islands","in","india","ASIA (EX. NEAR EAST)"
"707","andhra pradesh","in","india","ASIA (EX. NEAR EAST)"
"708","arunachal pradesh","in","india","ASIA (EX. NEAR EAST)"
"709","assam","in","india","ASIA (EX. NEAR EAST)"
"710","bihar","in","india","ASIA (EX. NEAR EAST)"
"711","chandigarh","in","india","ASIA (EX. NEAR EAST)"
"712","chhattisgarh","in","india","ASIA (EX. NEAR EAST)"
"713","dadra and nagar haveli","in","india","ASIA (EX. NEAR EAST)"
"714","daman and diu","in","india","ASIA (EX. NEAR EAST)"
"715","delhi","in","india","ASIA (EX. NEAR EAST)"
"716","goa","in","india","ASIA (EX. NEAR EAST)"
"717","gujarat","in","india","ASIA (EX. NEAR EAST)"
"718","haryana","in","india","ASIA (EX. NEAR EAST)"
"719","himachal pradesh","in","india","ASIA (EX. NEAR EAST)"
"720","jammu and kashmir","in","india","ASIA (EX. NEAR EAST)"
"721","jharkhand","in","india","ASIA (EX. NEAR EAST)"
"722","karnataka","in","india","ASIA (EX. NEAR EAST)"
"723","kerala","in","india","ASIA (EX. NEAR EAST)"
"724","lakshadweep","in","india","ASIA (EX. NEAR EAST)"
"725","madhya pradesh","in","india","ASIA (EX. NEAR EAST)"
"726","maharashtra","in","india","ASIA (EX. NEAR EAST)"
"727","manipur","in","india","ASIA (EX. NEAR EAST)"
"728","meghalaya","in","india","ASIA (EX. NEAR EAST)"
"729","mizoram","in","india","ASIA (EX. NEAR EAST)"
"730","nagaland","in","india","ASIA (EX. NEAR EAST)"
"731","odisha","in","india","ASIA (EX. NEAR EAST)"
"732","puducherry","in","india","ASIA (EX. NEAR EAST)"
"733","punjab","in","india","ASIA (EX. NEAR EAST)"
"734","rajasthan","in","india","ASIA (EX. NEAR EAST)"
"735","sikkim","in","india","ASIA (EX. NEAR EAST)"
"736","tamil nadu","in","india","ASIA (EX. NEAR EAST)"
"737","telangana","in","india","ASIA (EX. NEAR EAST)"
"738","tripura","in","india","ASIA (EX. NEAR EAST)"
"739","uttar pradesh","in","india","ASIA (EX. NEAR EAST)"
"740","uttarakhand","in","india","ASIA (EX. NEAR EAST)"
"741","west bengal","in","india","ASIA (EX. NEAR EAST)"
"742","county carlow","ie","ireland","WESTERN EUROPE"
"743","county cavan","ie","ireland","WESTERN EUROPE"
"744","county clare","ie","ireland","WESTERN EUROPE"
"745","county cork","ie","ireland","WESTERN EUROPE"
"746","county donegal","ie","ireland","WESTERN EUROPE"
"747","county dublin","ie","ireland","WESTERN EUROPE"
"748","county galway","ie","ireland","WESTERN EUROPE"
"749","county kerry","ie","ireland","WESTERN EUROPE"
"750","county kildare","ie","ireland","WESTERN EUROPE"
"751","county kilkenny","ie","ireland","WESTERN EUROPE"
"752","county laois","ie","ireland","WESTERN EUROPE"
"753","county leitrim","ie","ireland","WESTERN EUROPE"
"754","county limerick","ie","ireland","WESTERN EUROPE"
"755","county longford","ie","ireland","WESTERN EUROPE"
"756","county louth","ie","ireland","WESTERN EUROPE"
"757","county mayo","ie","ireland","WESTERN EUROPE"
"758","county meath","ie","ireland","WESTERN EUROPE"
"759","county monaghan","ie","ireland","WESTERN EUROPE"
"760","county offaly","ie","ireland","WESTERN EUROPE"
"761","county roscommon","ie","ireland","WESTERN EUROPE"
"762","county sligo","ie","ireland","WESTERN EUROPE"
"763","county tipperary","ie","ireland","WESTERN EUROPE"
"764","county waterford","ie","ireland","WESTERN EUROPE"
"765","county westmeath","ie","ireland","WESTERN EUROPE"
"766","county wexford","ie","ireland","WESTERN EUROPE"
"767","county wicklow","ie","ireland","WESTERN EUROPE"
"768","center district","il","israel","NEAR EAST"
"769","haifa district","il","israel","NEAR EAST"
"770","jerusalem district","il","israel","NEAR EAST"
"771","north district","il","israel","NEAR EAST"
"772","south district","il","israel","NEAR EAST"
"773","tel aviv district","il","israel","NEAR EAST"
"774","abruzzo","it","italy","WESTERN EUROPE"
"775","aosta","it","italy","WESTERN EUROPE"
"776","apulia","it","italy","WESTERN EUROPE"
"777","basilicata","it","italy","WESTERN EUROPE"
"778","calabria","it","italy","WESTERN EUROPE"
"779","campania","it","italy","WESTERN EUROPE"
"780","emilia-romagna","it","italy","WESTERN EUROPE"
"781","friuli-venezia giulia","it","italy","WESTERN EUROPE"
"782","lazio","it","italy","WESTERN EUROPE"
"783","liguria","it","italy","WESTERN EUROPE"
"784","lombardy","it","italy","WESTERN EUROPE"
"785","marche","it","italy","WESTERN EUROPE"
"786","molise","it","italy","WESTERN EUROPE"
"787","piedmont","it","italy","WESTERN EUROPE"
"788","sardinia","it","italy","WESTERN EUROPE"
"789","sicily","it","italy","WESTERN EUROPE"
"790","trentino-south tyrol","it","italy","WESTERN EUROPE"
"791","tuscany","it","italy","WESTERN EUROPE"
"792","umbria","it","italy","WESTERN EUROPE"
"793","veneto","it","italy","WESTERN EUROPE"
"794","aichi","jp","japan","ASIA (EX. NEAR EAST)"
"795","akita","jp","japan","ASIA (EX. NEAR EAST)"
"796","aomori","jp","japan","ASIA (EX. NEAR EAST)"
"797","chiba","jp","japan","ASIA (EX. NEAR EAST)"
"798","ehime","jp","japan","ASIA (EX. NEAR EAST)"
"799","fukui","jp","japan","ASIA (EX. NEAR EAST)"
"800","fukuoka","jp","japan","ASIA (EX. NEAR EAST)"
"801","fukushima","jp","japan","ASIA (EX. NEAR EAST)"
"802","gifu","jp","japan","ASIA (EX. NEAR EAST)"
"803","gunma","jp","japan","ASIA (EX. NEAR EAST)"
"804","hiroshima","jp","japan","ASIA (EX. NEAR EAST)"
"805","hokkaido","jp","japan","ASIA (EX. NEAR EAST)"
"806","hyogo","jp","japan","ASIA (EX. NEAR EAST)"
"807","ibaraki","jp","japan","ASIA (EX. NEAR EAST)"
"808","ishikawa","jp","japan","ASIA (EX. NEAR EAST)"
"809","iwate","jp","japan","ASIA (EX. NEAR EAST)"
"810","kagawa","jp","japan","ASIA (EX. NEAR EAST)"
"811","kagoshima","jp","japan","ASIA (EX. NEAR EAST)"
"812","kanagawa","jp","japan","ASIA (EX. NEAR EAST)"
"813","kochi","jp","japan","ASIA (EX. NEAR EAST)"
"814","kumamoto","jp","japan","ASIA (EX. NEAR EAST)"
"815","kyoto","jp","japan","ASIA (EX. NEAR EAST)"
"816","mie","jp","japan","ASIA (EX. NEAR EAST)"
"817","miyagi","jp","japan","ASIA (EX. NEAR EAST)"
"818","miyazaki","jp","japan","ASIA (EX. NEAR EAST)"
"819","nagano","jp","japan","ASIA (EX. NEAR EAST)"
"820","nagasaki","jp","japan","ASIA (EX. NEAR EAST)"
"821","nara","jp","japan","ASIA (EX. NEAR EAST)"
"822","niigata","jp","japan","ASIA (EX. NEAR EAST)"
"823","oita","jp","japan","ASIA (EX. NEAR EAST)"
"824","okayama","jp","japan","ASIA (EX. NEAR EAST)"
"825","okinawa","jp","japan","ASIA (EX. NEAR EAST)"
"826","osaka","jp","japan","ASIA (EX. NEAR EAST)"
"827","saga","jp","japan","ASIA (EX. NEAR EAST)"
"828","saitama","jp","japan","ASIA (EX. NEAR EAST)"
"829","shiga","jp","japan","ASIA (EX. NEAR EAST)"
"830","shimane","jp","japan","ASIA (EX. NEAR EAST)"
"831","shizuoka","jp","japan","ASIA (EX. NEAR EAST)"
"832","tochigi","jp","japan","ASIA (EX. NEAR EAST)"
"833","tokushima","jp","japan","ASIA (EX. NEAR EAST)"
"834","tokyo","jp","japan","ASIA (EX. NEAR EAST)"
"835","tottori","jp","japan","ASIA (EX. NEAR EAST)"
"836","toyama","jp","japan","ASIA (EX. NEAR EAST)"
"837","wakayama","jp","japan","ASIA (EX. NEAR EAST)"
"838","yamagata","jp","japan","ASIA (EX. NEAR EAST)"
"839","yamaguchi","jp","japan","ASIA (EX. NEAR EAST)"
"840","yamanashi","jp","japan","ASIA (EX. NEAR EAST)"
"841","bomet county","ke","kenya","SUB-SAHARAN AFRICA"
"842","bungoma county","ke","kenya","SUB-SAHARAN AFRICA"
"843","busia county","ke","kenya","SUB-SAHARAN AFRICA"
"844","embu county","ke","kenya","SUB-SAHARAN AFRICA"
"845","garissa county","ke","kenya","SUB-SAHARAN AFRICA"
"846","homa bay county","ke","kenya","SUB-SAHARAN AFRICA"
"847","kajiado county","ke","kenya","SUB-SAHARAN AFRICA"
"848","kakamega county","ke","kenya","SUB-SAHARAN AFRICA"
"849","kericho county","ke","kenya","SUB-SAHARAN AFRICA"
"850","kiambu county","ke","kenya","SUB-SAHARAN AFRICA"
"851","kilifi county","ke","kenya","SUB-SAHARAN AFRICA"
"852","kirinyaga county","ke","kenya","SUB-SAHARAN AFRICA"
"853","kisii county","ke","kenya","SUB-SAHARAN AFRICA"
"854","kisumu county","ke","kenya","SUB-SAHARAN AFRICA"
"855","kitui county","ke","kenya","SUB-SAHARAN AFRICA"
"856","kwale county","ke","kenya","SUB-SAHARAN AFRICA"
"857","laikipia county","ke","kenya","SUB-SAHARAN AFRICA"
"858","machakos county","ke","kenya","SUB-SAHARAN AFRICA"
"859","makueni county","ke","kenya","SUB-SAHARAN AFRICA"
"860","meru county","ke","kenya","SUB-SAHARAN AFRICA"
"861","migori county","ke","kenya","SUB-SAHARAN AFRICA"
"862","mombasa county","ke","kenya","SUB-SAHARAN AFRICA"
"863","muranga county","ke","kenya","SUB-SAHARAN AFRICA"
"864","nairobi county","ke","kenya","SUB-SAHARAN AFRICA"
"865","nakuru county","ke","kenya","SUB-SAHARAN AFRICA"
"866","nandi county","ke","kenya","SUB-SAHARAN AFRICA"
"867","narok county","ke","kenya","SUB-SAHARAN AFRICA"
"868","nyeri county","ke","kenya","SUB-SAHARAN AFRICA"
"869","siaya","ke","kenya","SUB-SAHARAN AFRICA"
"870","taita-taveta county","ke","kenya","SUB-SAHARAN AFRICA"
"871","tharaka-nithi county","ke","kenya","SUB-SAHARAN AFRICA"
"872","trans-nzoia county","ke","kenya","SUB-SAHARAN AFRICA"
"873","turkana county","ke","kenya","SUB-SAHARAN AFRICA"
"874","uasin gishu county","ke","kenya","SUB-SAHARAN AFRICA"
"875","vihiga county","ke","kenya","SUB-SAHARAN AFRICA"
"876","al ahmadi governorate","kw","kuwait","NEAR EAST"
"877","al asimah governate","kw","kuwait","NEAR EAST"
"878","al farwaniyah governorate","kw","kuwait","NEAR EAST"
"879","al jahra governorate","kw","kuwait","NEAR EAST"
"880","hawalli governorate","kw","kuwait","NEAR EAST"
"881","mubarak al-kabeer governorate","kw","kuwait","NEAR EAST"
"882","aguascalientes","mx","mexico","LATIN AMER. & CARIB"
"883","baja california","mx","mexico","LATIN AMER. & CARIB"
"884","baja california sur","mx","mexico","LATIN AMER. & CARIB"
"885","campeche","mx","mexico","LATIN AMER. & CARIB"
"886","chiapas","mx","mexico","LATIN AMER. & CARIB"
"887","chihuahua","mx","mexico","LATIN AMER. & CARIB"
"888","coahuila","mx","mexico","LATIN AMER. & CARIB"
"889","colima","mx","mexico","LATIN AMER. & CARIB"
"890","durango","mx","mexico","LATIN AMER. & CARIB"
"891","guanajuato","mx","mexico","LATIN AMER. & CARIB"
"892","guerrero","mx","mexico","LATIN AMER. & CARIB"
"893","hidalgo","mx","mexico","LATIN AMER. & CARIB"
"894","jalisco","mx","mexico","LATIN AMER. & CARIB"
"895","mexico city","mx","mexico","LATIN AMER. & CARIB"
"896","michoac<e1>n","mx","mexico","LATIN AMER. & CARIB"
"897","morelos","mx","mexico","LATIN AMER. & CARIB"
"898","nayarit","mx","mexico","LATIN AMER. & CARIB"
"899","nuevo leon","mx","mexico","LATIN AMER. & CARIB"
"900","oaxaca","mx","mexico","LATIN AMER. & CARIB"
"901","puebla","mx","mexico","LATIN AMER. & CARIB"
"902","quer<e9>taro","mx","mexico","LATIN AMER. & CARIB"
"903","quintana roo","mx","mexico","LATIN AMER. & CARIB"
"904","san luis potosi","mx","mexico","LATIN AMER. & CARIB"
"905","sinaloa","mx","mexico","LATIN AMER. & CARIB"
"906","sonora","mx","mexico","LATIN AMER. & CARIB"
"907","state of mexico","mx","mexico","LATIN AMER. & CARIB"
"908","tabasco","mx","mexico","LATIN AMER. & CARIB"
"909","tamaulipas","mx","mexico","LATIN AMER. & CARIB"
"910","tlaxcala","mx","mexico","LATIN AMER. & CARIB"
"911","veracruz","mx","mexico","LATIN AMER. & CARIB"
"912","yucatan","mx","mexico","LATIN AMER. & CARIB"
"913","zacatecas","mx","mexico","LATIN AMER. & CARIB"
"914","flacq district","mu","mauritius","SUB-SAHARAN AFRICA"
"915","grand port district","mu","mauritius","SUB-SAHARAN AFRICA"
"916","moka district","mu","mauritius","SUB-SAHARAN AFRICA"
"917","pamplemousses district","mu","mauritius","SUB-SAHARAN AFRICA"
"918","plaines wilhems district","mu","mauritius","SUB-SAHARAN AFRICA"
"919","port louis district","mu","mauritius","SUB-SAHARAN AFRICA"
"920","rivi<e8>re du rempart district","mu","mauritius","SUB-SAHARAN AFRICA"
"921","rivi<e8>re noire district","mu","mauritius","SUB-SAHARAN AFRICA"
"922","savanne district","mu","mauritius","SUB-SAHARAN AFRICA"
"923","abia","ng","nigeria","SUB-SAHARAN AFRICA"
"924","adamawa","ng","nigeria","SUB-SAHARAN AFRICA"
"925","akwa ibom","ng","nigeria","SUB-SAHARAN AFRICA"
"926","anambra","ng","nigeria","SUB-SAHARAN AFRICA"
"927","bauchi","ng","nigeria","SUB-SAHARAN AFRICA"
"928","bayelsa","ng","nigeria","SUB-SAHARAN AFRICA"
"929","benue","ng","nigeria","SUB-SAHARAN AFRICA"
"930","borno","ng","nigeria","SUB-SAHARAN AFRICA"
"931","cross river","ng","nigeria","SUB-SAHARAN AFRICA"
"932","delta","ng","nigeria","SUB-SAHARAN AFRICA"
"933","ebonyi","ng","nigeria","SUB-SAHARAN AFRICA"
"934","edo","ng","nigeria","SUB-SAHARAN AFRICA"
"935","ekiti","ng","nigeria","SUB-SAHARAN AFRICA"
"936","enugu","ng","nigeria","SUB-SAHARAN AFRICA"
"937","federal capital territory","ng","nigeria","SUB-SAHARAN AFRICA"
"938","gombe","ng","nigeria","SUB-SAHARAN AFRICA"
"939","imo","ng","nigeria","SUB-SAHARAN AFRICA"
"940","jigawa","ng","nigeria","SUB-SAHARAN AFRICA"
"941","kaduna","ng","nigeria","SUB-SAHARAN AFRICA"
"942","kano","ng","nigeria","SUB-SAHARAN AFRICA"
"943","katsina","ng","nigeria","SUB-SAHARAN AFRICA"
"944","kebbi","ng","nigeria","SUB-SAHARAN AFRICA"
"945","kogi","ng","nigeria","SUB-SAHARAN AFRICA"
"946","kwara","ng","nigeria","SUB-SAHARAN AFRICA"
"947","lagos","ng","nigeria","SUB-SAHARAN AFRICA"
"948","nasarawa","ng","nigeria","SUB-SAHARAN AFRICA"
"949","niger","ng","nigeria","SUB-SAHARAN AFRICA"
"950","ogun state","ng","nigeria","SUB-SAHARAN AFRICA"
"951","ondo","ng","nigeria","SUB-SAHARAN AFRICA"
"952","osun","ng","nigeria","SUB-SAHARAN AFRICA"
"953","oyo","ng","nigeria","SUB-SAHARAN AFRICA"
"954","plateau","ng","nigeria","SUB-SAHARAN AFRICA"
"955","rivers","ng","nigeria","SUB-SAHARAN AFRICA"
"956","sokoto","ng","nigeria","SUB-SAHARAN AFRICA"
"957","taraba","ng","nigeria","SUB-SAHARAN AFRICA"
"958","yobe","ng","nigeria","SUB-SAHARAN AFRICA"
"959","zamfara","ng","nigeria","SUB-SAHARAN AFRICA"
"960","drenthe","nl","netherlands","WESTERN EUROPE"
"961","flevoland","nl","netherlands","WESTERN EUROPE"
"962","friesland","nl","netherlands","WESTERN EUROPE"
"963","gelderland","nl","netherlands","WESTERN EUROPE"
"964","groningen","nl","netherlands","WESTERN EUROPE"
"965","limburg","nl","netherlands","WESTERN EUROPE"
"966","north brabant","nl","netherlands","WESTERN EUROPE"
"967","north holland","nl","netherlands","WESTERN EUROPE"
"968","overijssel","nl","netherlands","WESTERN EUROPE"
"969","south holland","nl","netherlands","WESTERN EUROPE"
"970","utrecht","nl","netherlands","WESTERN EUROPE"
"971","zeeland","nl","netherlands","WESTERN EUROPE"
"972","agder","no","norway","WESTERN EUROPE"
"973","innlandet","no","norway","WESTERN EUROPE"
"974","m<f8>re og romsdal","no","norway","WESTERN EUROPE"
"975","nordland","no","norway","WESTERN EUROPE"
"976","oslo","no","norway","WESTERN EUROPE"
"977","rogaland","no","norway","WESTERN EUROPE"
"978","troms og finnmark","no","norway","WESTERN EUROPE"
"979","trondelag","no","norway","WESTERN EUROPE"
"980","vestfold og telemark","no","norway","WESTERN EUROPE"
"981","vestland","no","norway","WESTERN EUROPE"
"982","viken","no","norway","WESTERN EUROPE"
"983","auckland","nz","new zealand","OCEANIA"
"984","bay of plenty","nz","new zealand","OCEANIA"
"985","canterbury","nz","new zealand","OCEANIA"
"986","gisborne","nz","new zealand","OCEANIA"
"987","hawke's bay","nz","new zealand","OCEANIA"
"988","manawatu-wanganui","nz","new zealand","OCEANIA"
"989","marlborough","nz","new zealand","OCEANIA"
"990","nelson","nz","new zealand","OCEANIA"
"991","northland","nz","new zealand","OCEANIA"
"992","otago","nz","new zealand","OCEANIA"
"993","southland","nz","new zealand","OCEANIA"
"994","taranaki","nz","new zealand","OCEANIA"
"995","tasman","nz","new zealand","OCEANIA"
"996","waikato","nz","new zealand","OCEANIA"
"997","wellington","nz","new zealand","OCEANIA"
"998","west coast","nz","new zealand","OCEANIA"
"999","amazonas","pe","peru","LATIN AMER. & CARIB"
"1000","ancash","pe","peru","LATIN AMER. & CARIB"
"1001","apurimac","pe","peru","LATIN AMER. & CARIB"
"1002","arequipa","pe","peru","LATIN AMER. & CARIB"
"1003","ayacucho","pe","peru","LATIN AMER. & CARIB"
"1004","cajamarca","pe","peru","LATIN AMER. & CARIB"
"1005","callao region","pe","peru","LATIN AMER. & CARIB"
"1006","cusco","pe","peru","LATIN AMER. & CARIB"
"1007","huancavelica","pe","peru","LATIN AMER. & CARIB"
"1008","huanuco","pe","peru","LATIN AMER. & CARIB"
"1009","ica","pe","peru","LATIN AMER. & CARIB"
"1010","junin","pe","peru","LATIN AMER. & CARIB"
"1011","la libertad","pe","peru","LATIN AMER. & CARIB"
"1012","lambayeque","pe","peru","LATIN AMER. & CARIB"
"1013","lima region","pe","peru","LATIN AMER. & CARIB"
"1014","loreto","pe","peru","LATIN AMER. & CARIB"
"1015","madre de dios","pe","peru","LATIN AMER. & CARIB"
"1016","metropolitan municipality of lima","pe","peru","LATIN AMER. & CARIB"
"1017","moquegua","pe","peru","LATIN AMER. & CARIB"
"1018","pasco","pe","peru","LATIN AMER. & CARIB"
"1019","piura","pe","peru","LATIN AMER. & CARIB"
"1020","puno","pe","peru","LATIN AMER. & CARIB"
"1021","san martin","pe","peru","LATIN AMER. & CARIB"
"1022","tacna","pe","peru","LATIN AMER. & CARIB"
"1023","tumbes","pe","peru","LATIN AMER. & CARIB"
"1024","ucayali","pe","peru","LATIN AMER. & CARIB"
"1025","greater poland voivodeship","pl","poland","EASTERN EUROPE"
"1026","kuyavian-pomeranian voivodeship","pl","poland","EASTERN EUROPE"
"1027","lesser poland voivodeship","pl","poland","EASTERN EUROPE"
"1028","l<f3>dz voivodeship","pl","poland","EASTERN EUROPE"
"1029","lower silesian voivodeship","pl","poland","EASTERN EUROPE"
"1030","lublin voivodeship","pl","poland","EASTERN EUROPE"
"1031","lubusz voivodeship","pl","poland","EASTERN EUROPE"
"1032","masovian voivodeship","pl","poland","EASTERN EUROPE"
"1033","opole voivodeship","pl","poland","EASTERN EUROPE"
"1034","podkarpackie voivodeship","pl","poland","EASTERN EUROPE"
"1035","podlaskie voivodeship","pl","poland","EASTERN EUROPE"
"1036","pomeranian voivodeship","pl","poland","EASTERN EUROPE"
"1037","silesian voivodeship","pl","poland","EASTERN EUROPE"
"1038","swietokrzyskie","pl","poland","EASTERN EUROPE"
"1039","warmian-masurian voivodeship","pl","poland","EASTERN EUROPE"
"1040","west pomeranian voivodeship","pl","poland","EASTERN EUROPE"
"1041","aveiro district","pt","portugal","WESTERN EUROPE"
"1042","azores","pt","portugal","WESTERN EUROPE"
"1043","beja district","pt","portugal","WESTERN EUROPE"
"1044","braga","pt","portugal","WESTERN EUROPE"
"1045","bragan<e7>a district","pt","portugal","WESTERN EUROPE"
"1046","castelo branco district","pt","portugal","WESTERN EUROPE"
"1047","coimbra district","pt","portugal","WESTERN EUROPE"
"1048","<e9>vora district","pt","portugal","WESTERN EUROPE"
"1049","faro district","pt","portugal","WESTERN EUROPE"
"1050","guarda district","pt","portugal","WESTERN EUROPE"
"1051","leiria district","pt","portugal","WESTERN EUROPE"
"1052","lisbon","pt","portugal","WESTERN EUROPE"
"1053","madeira","pt","portugal","WESTERN EUROPE"
"1054","portalegre district","pt","portugal","WESTERN EUROPE"
"1055","porto district","pt","portugal","WESTERN EUROPE"
"1056","santar<e9>m district","pt","portugal","WESTERN EUROPE"
"1057","setubal","pt","portugal","WESTERN EUROPE"
"1058","viana do castelo district","pt","portugal","WESTERN EUROPE"
"1059","vila real district","pt","portugal","WESTERN EUROPE"
"1060","viseu district","pt","portugal","WESTERN EUROPE"
"1061","alba county","ro","romania","EASTERN EUROPE"
"1062","arad county","ro","romania","EASTERN EUROPE"
"1063","arge<u+0219> county","ro","romania","EASTERN EUROPE"
"1064","bacau county","ro","romania","EASTERN EUROPE"
"1065","bihor county","ro","romania","EASTERN EUROPE"
"1066","bistri<u+021b>a-nasaud county","ro","romania","EASTERN EUROPE"
"1067","boto<u+0219>ani county","ro","romania","EASTERN EUROPE"
"1068","braila county","ro","romania","EASTERN EUROPE"
"1069","bra<u+0219>ov county","ro","romania","EASTERN EUROPE"
"1070","bucharest","ro","romania","EASTERN EUROPE"
"1071","buzau county","ro","romania","EASTERN EUROPE"
"1072","calara<u+0219>i county","ro","romania","EASTERN EUROPE"
"1073","cara<u+0219>-severin county","ro","romania","EASTERN EUROPE"
"1074","cluj county","ro","romania","EASTERN EUROPE"
"1075","constan<u+021b>a county","ro","romania","EASTERN EUROPE"
"1076","covasna county","ro","romania","EASTERN EUROPE"
"1077","d<e2>mbovi<u+021b>a county","ro","romania","EASTERN EUROPE"
"1078","dolj county","ro","romania","EASTERN EUROPE"
"1079","gala<u+021b>i","ro","romania","EASTERN EUROPE"
"1080","giurgiu county","ro","romania","EASTERN EUROPE"
"1081","gorj county","ro","romania","EASTERN EUROPE"
"1082","harghita county","ro","romania","EASTERN EUROPE"
"1083","hunedoara county","ro","romania","EASTERN EUROPE"
"1084","ialomi<u+021b>a county","ro","romania","EASTERN EUROPE"
"1085","ia<u+0219>i county","ro","romania","EASTERN EUROPE"
"1086","ilfov county","ro","romania","EASTERN EUROPE"
"1087","maramure<u+0219> county","ro","romania","EASTERN EUROPE"
"1088","mehedin<u+021b>i county","ro","romania","EASTERN EUROPE"
"1089","mure<u+0219> county","ro","romania","EASTERN EUROPE"
"1090","neam<u+021b> county","ro","romania","EASTERN EUROPE"
"1091","olt county","ro","romania","EASTERN EUROPE"
"1092","prahova","ro","romania","EASTERN EUROPE"
"1093","salaj","ro","romania","EASTERN EUROPE"
"1094","satu mare county","ro","romania","EASTERN EUROPE"
"1095","sibiu","ro","romania","EASTERN EUROPE"
"1096","suceava county","ro","romania","EASTERN EUROPE"
"1097","teleorman county","ro","romania","EASTERN EUROPE"
"1098","timi<u+0219> county","ro","romania","EASTERN EUROPE"
"1099","tulcea county","ro","romania","EASTERN EUROPE"
"1100","v<e2>lcea county","ro","romania","EASTERN EUROPE"
"1101","vaslui county","ro","romania","EASTERN EUROPE"
"1102","vrancea county","ro","romania","EASTERN EUROPE"
"1103","al bahah province","sa","saudi arabia","NEAR EAST"
"1104","al jowf","sa","saudi arabia","NEAR EAST"
"1105","al madinah province","sa","saudi arabia","NEAR EAST"
"1106","al qassim","sa","saudi arabia","NEAR EAST"
"1107","aseer province","sa","saudi arabia","NEAR EAST"
"1108","eastern province","sa","saudi arabia","NEAR EAST"
"1109","hail province","sa","saudi arabia","NEAR EAST"
"1110","jazan","sa","saudi arabia","NEAR EAST"
"1111","makkah province","sa","saudi arabia","NEAR EAST"
"1112","najran","sa","saudi arabia","NEAR EAST"
"1113","northern borders province","sa","saudi arabia","NEAR EAST"
"1114","riyadh province","sa","saudi arabia","NEAR EAST"
"1115","tabuk province","sa","saudi arabia","NEAR EAST"
"1116","bansk<e1> bystrica region","sk","slovak republic","EASTERN EUROPE"
"1117","bratislava region","sk","slovak republic","EASTERN EUROPE"
"1118","ko<u+009a>ice region","sk","slovak republic","EASTERN EUROPE"
"1119","nitra region","sk","slovak republic","EASTERN EUROPE"
"1120","pre<u+009a>ov region","sk","slovak republic","EASTERN EUROPE"
"1121","trenc<ed>n region","sk","slovak republic","EASTERN EUROPE"
"1122","trnava region","sk","slovak republic","EASTERN EUROPE"
"1123","<u+009e>ilina region","sk","slovak republic","EASTERN EUROPE"
"1124","administrative unit maribor","si","slovenia","EASTERN EUROPE"
"1125","ajdov<u+009a>cina","si","slovenia","EASTERN EUROPE"
"1126","bre<u+009e>ice","si","slovenia","EASTERN EUROPE"
"1127","celje","si","slovenia","EASTERN EUROPE"
"1128","cerknica","si","slovenia","EASTERN EUROPE"
"1129","crnomelj","si","slovenia","EASTERN EUROPE"
"1130","dom<u+009e>ale","si","slovenia","EASTERN EUROPE"
"1131","gornja radgona","si","slovenia","EASTERN EUROPE"
"1132","grosuplje","si","slovenia","EASTERN EUROPE"
"1133","izola","si","slovenia","EASTERN EUROPE"
"1134","jesenice","si","slovenia","EASTERN EUROPE"
"1135","kamnik","si","slovenia","EASTERN EUROPE"
"1136","kocevje","si","slovenia","EASTERN EUROPE"
"1137","koper","si","slovenia","EASTERN EUROPE"
"1138","kranj","si","slovenia","EASTERN EUROPE"
"1139","kr<u+009a>ko","si","slovenia","EASTERN EUROPE"
"1140","lenart","si","slovenia","EASTERN EUROPE"
"1141","lendava","si","slovenia","EASTERN EUROPE"
"1142","litija","si","slovenia","EASTERN EUROPE"
"1143","ljubljana","si","slovenia","EASTERN EUROPE"
"1144","ljutomer","si","slovenia","EASTERN EUROPE"
"1145","logatec","si","slovenia","EASTERN EUROPE"
"1146","mozirje","si","slovenia","EASTERN EUROPE"
"1147","murska sobota","si","slovenia","EASTERN EUROPE"
"1148","nova gorica","si","slovenia","EASTERN EUROPE"
"1149","novo mesto","si","slovenia","EASTERN EUROPE"
"1150","pesnica","si","slovenia","EASTERN EUROPE"
"1151","piran","si","slovenia","EASTERN EUROPE"
"1152","postojna","si","slovenia","EASTERN EUROPE"
"1153","ptuj","si","slovenia","EASTERN EUROPE"
"1154","radovljica","si","slovenia","EASTERN EUROPE"
"1155","ravne na koro<u+009a>kem","si","slovenia","EASTERN EUROPE"
"1156","<u+009a>entjur","si","slovenia","EASTERN EUROPE"
"1157","sevnica","si","slovenia","EASTERN EUROPE"
"1158","se<u+009e>ana","si","slovenia","EASTERN EUROPE"
"1159","<u+009a>kofja loka","si","slovenia","EASTERN EUROPE"
"1160","slovenj gradec","si","slovenia","EASTERN EUROPE"
"1161","slovenska bistrica","si","slovenia","EASTERN EUROPE"
"1162","slovenske konjice","si","slovenia","EASTERN EUROPE"
"1163","<u+009a>marje pri jel<u+009a>ah","si","slovenia","EASTERN EUROPE"
"1164","tolmin","si","slovenia","EASTERN EUROPE"
"1165","trbovlje","si","slovenia","EASTERN EUROPE"
"1166","trebnje","si","slovenia","EASTERN EUROPE"
"1167","velenje","si","slovenia","EASTERN EUROPE"
"1168","vrhnika","si","slovenia","EASTERN EUROPE"
"1169","zagorje ob savi","si","slovenia","EASTERN EUROPE"
"1170","<u+009e>alec","si","slovenia","EASTERN EUROPE"
"1171","blekinge county","se","sweden","WESTERN EUROPE"
"1172","dalarna county","se","sweden","WESTERN EUROPE"
"1173","gavleborg county","se","sweden","WESTERN EUROPE"
"1174","gotland county","se","sweden","WESTERN EUROPE"
"1175","halland county","se","sweden","WESTERN EUROPE"
"1176","jamtland county","se","sweden","WESTERN EUROPE"
"1177","jonkoping county","se","sweden","WESTERN EUROPE"
"1178","kalmar county","se","sweden","WESTERN EUROPE"
"1179","kronoberg county","se","sweden","WESTERN EUROPE"
"1180","norrbotten county","se","sweden","WESTERN EUROPE"
"1181","<f6>rebro county","se","sweden","WESTERN EUROPE"
"1182","<f6>sterg<f6>tland county","se","sweden","WESTERN EUROPE"
"1183","sk<e5>ne county","se","sweden","WESTERN EUROPE"
"1184","s<f6>dermanland county","se","sweden","WESTERN EUROPE"
"1185","stockholm county","se","sweden","WESTERN EUROPE"
"1186","uppsala county","se","sweden","WESTERN EUROPE"
"1187","varmland county","se","sweden","WESTERN EUROPE"
"1188","v<e4>sterbotten county","se","sweden","WESTERN EUROPE"
"1189","v<e4>sternorrland county","se","sweden","WESTERN EUROPE"
"1190","v<e4>stmanland county","se","sweden","WESTERN EUROPE"
"1191","v<e4>stra g<f6>taland county","se","sweden","WESTERN EUROPE"
"1192","artigas department","uy","uruguay","LATIN AMER. & CARIB"
"1193","canelones department","uy","uruguay","LATIN AMER. & CARIB"
"1194","cerro largo department","uy","uruguay","LATIN AMER. & CARIB"
"1195","colonia department","uy","uruguay","LATIN AMER. & CARIB"
"1196","durazno department","uy","uruguay","LATIN AMER. & CARIB"
"1197","flores department","uy","uruguay","LATIN AMER. & CARIB"
"1198","florida department","uy","uruguay","LATIN AMER. & CARIB"
"1199","lavalleja department","uy","uruguay","LATIN AMER. & CARIB"
"1200","maldonado department","uy","uruguay","LATIN AMER. & CARIB"
"1201","montevideo department","uy","uruguay","LATIN AMER. & CARIB"
"1202","paysand<fa> department","uy","uruguay","LATIN AMER. & CARIB"
"1203","r<ed>o negro department","uy","uruguay","LATIN AMER. & CARIB"
"1204","rivera department","uy","uruguay","LATIN AMER. & CARIB"
"1205","rocha department","uy","uruguay","LATIN AMER. & CARIB"
"1206","salto department","uy","uruguay","LATIN AMER. & CARIB"
"1207","san jos<e9> department","uy","uruguay","LATIN AMER. & CARIB"
"1208","soriano department","uy","uruguay","LATIN AMER. & CARIB"
"1209","tacuaremb<f3> department","uy","uruguay","LATIN AMER. & CARIB"
"1210","treinta y tres department","uy","uruguay","LATIN AMER. & CARIB"
"1211","alabama","us","united states","NORTHERN AMERICA"
"1212","alaska","us","united states","NORTHERN AMERICA"
"1213","arizona","us","united states","NORTHERN AMERICA"
"1214","arkansas","us","united states","NORTHERN AMERICA"
"1215","california","us","united states","NORTHERN AMERICA"
"1216","colorado","us","united states","NORTHERN AMERICA"
"1217","connecticut","us","united states","NORTHERN AMERICA"
"1218","delaware","us","united states","NORTHERN AMERICA"
"1219","district of columbia","us","united states","NORTHERN AMERICA"
"1220","florida","us","united states","NORTHERN AMERICA"
"1221","georgia","us","united states","NORTHERN AMERICA"
"1222","hawaii","us","united states","NORTHERN AMERICA"
"1223","idaho","us","united states","NORTHERN AMERICA"
"1224","illinois","us","united states","NORTHERN AMERICA"
"1225","indiana","us","united states","NORTHERN AMERICA"
"1226","iowa","us","united states","NORTHERN AMERICA"
"1227","kansas","us","united states","NORTHERN AMERICA"
"1228","kentucky","us","united states","NORTHERN AMERICA"
"1229","louisiana","us","united states","NORTHERN AMERICA"
"1230","maine","us","united states","NORTHERN AMERICA"
"1231","maryland","us","united states","NORTHERN AMERICA"
"1232","massachusetts","us","united states","NORTHERN AMERICA"
"1233","michigan","us","united states","NORTHERN AMERICA"
"1234","minnesota","us","united states","NORTHERN AMERICA"
"1235","mississippi","us","united states","NORTHERN AMERICA"
"1236","missouri","us","united states","NORTHERN AMERICA"
"1237","montana","us","united states","NORTHERN AMERICA"
"1238","nebraska","us","united states","NORTHERN AMERICA"
"1239","nevada","us","united states","NORTHERN AMERICA"
"1240","new hampshire","us","united states","NORTHERN AMERICA"
"1241","new jersey","us","united states","NORTHERN AMERICA"
"1242","new mexico","us","united states","NORTHERN AMERICA"
"1243","new york","us","united states","NORTHERN AMERICA"
"1244","north carolina","us","united states","NORTHERN AMERICA"
"1245","north dakota","us","united states","NORTHERN AMERICA"
"1246","ohio","us","united states","NORTHERN AMERICA"
"1247","oklahoma","us","united states","NORTHERN AMERICA"
"1248","oregon","us","united states","NORTHERN AMERICA"
"1249","pennsylvania","us","united states","NORTHERN AMERICA"
"1250","rhode island","us","united states","NORTHERN AMERICA"
"1251","south carolina","us","united states","NORTHERN AMERICA"
"1252","south dakota","us","united states","NORTHERN AMERICA"
"1253","tennessee","us","united states","NORTHERN AMERICA"
"1254","texas","us","united states","NORTHERN AMERICA"
"1255","utah","us","united states","NORTHERN AMERICA"
"1256","vermont","us","united states","NORTHERN AMERICA"
"1257","virginia","us","united states","NORTHERN AMERICA"
"1258","washington","us","united states","NORTHERN AMERICA"
"1259","west virginia","us","united states","NORTHERN AMERICA"
"1260","wisconsin","us","united states","NORTHERN AMERICA"
"1261","wyoming","us","united states","NORTHERN AMERICA"
"1262","eastern cape","za","south africa","SUB-SAHARAN AFRICA"
"1263","free state","za","south africa","SUB-SAHARAN AFRICA"
"1264","gauteng","za","south africa","SUB-SAHARAN AFRICA"
"1265","kwazulu-natal","za","south africa","SUB-SAHARAN AFRICA"
"1266","limpopo","za","south africa","SUB-SAHARAN AFRICA"
"1267","mpumalanga","za","south africa","SUB-SAHARAN AFRICA"
"1268","north west","za","south africa","SUB-SAHARAN AFRICA"
"1269","northern cape","za","south africa","SUB-SAHARAN AFRICA"
"1270","western cape","za","south africa","SUB-SAHARAN AFRICA"
"1271","saint thomas","bb","barbados","LATIN AMER. & CARIB"
"1272","appenzell innerrhoden","ch","switzerland","WESTERN EUROPE"
"1273","baringo county","ke","kenya","SUB-SAHARAN AFRICA"
"1274","nyandarua county","ke","kenya","SUB-SAHARAN AFRICA"
"1275","rodrigues district","mu","mauritius","SUB-SAHARAN AFRICA"
"1276","dravograd","si","slovenia","EASTERN EUROPE"
"1277","idrija","si","slovenia","EASTERN EUROPE"
"1278","ilirska bistrica","si","slovenia","EASTERN EUROPE"
"1279","la<u+009a>ko","si","slovenia","EASTERN EUROPE"
"1280","municipality of hrastnik","si","slovenia","EASTERN EUROPE"
"1281","ormo<u+009e>","si","slovenia","EASTERN EUROPE"
"1282","radlje ob dravi","si","slovenia","EASTERN EUROPE"
"1283","ribnica","si","slovenia","EASTERN EUROPE"
"1284","ru<u+009a>e","si","slovenia","EASTERN EUROPE"
"1285","tr<u+009e>ic","si","slovenia","EASTERN EUROPE"
"1286","wajir county","ke","kenya","SUB-SAHARAN AFRICA"
"1287","hiiu county","ee","estonia","EASTERN EUROPE"
"1288","saint john","bb","barbados","LATIN AMER. & CARIB"
"1289","metlika","si","slovenia","EASTERN EUROPE"
"1290","saint lucy","bb","barbados","LATIN AMER. & CARIB"
