"region","parameter","subregion","value_effect"
"WESTERN EUROPE","co","ad",-75.3144673958927
"WESTERN EUROPE","co","brussels",-69.893544198359
"WESTERN EUROPE","co","flanders",-75.9628349322145
"WESTERN EUROPE","co","wallonia",-73.0273456377499
"WESTERN EUROPE","co","canton of bern",-47.1894278219295
"WESTERN EUROPE","co","schwyz",-53.9651391457799
"WESTERN EUROPE","co","ticino",-43.1863380383166
"WESTERN EUROPE","co","vaud",-44.7035981933339
"WESTERN EUROPE","co","zurich",-45.822608908126
"WESTERN EUROPE","co","bavaria",-61.3513416994022
"WESTERN EUROPE","co","berlin",-61.5659472213877
"WESTERN EUROPE","co","brandenburg",-72.3876960112064
"WESTERN EUROPE","co","bremen",-62.9466847255193
"WESTERN EUROPE","co","hamburg",-62.8090943529769
"WESTERN EUROPE","co","hesse",-62.5639583911286
"WESTERN EUROPE","co","lower saxony",-65.4051407185842
"WESTERN EUROPE","co","mecklenburg-vorpommern",-68.8380316989146
"WESTERN EUROPE","co","rhineland-palatinate",-63.6492174475219
"WESTERN EUROPE","co","saarland",-62.7391819045606
"WESTERN EUROPE","co","saxony-anhalt",-70.4736900031235
"WESTERN EUROPE","co","capital region of denmark",-41.5810893178718
"WESTERN EUROPE","co","central denmark region",-44.6731754620985
"WESTERN EUROPE","co","region of southern denmark",-45.3123091378131
"WESTERN EUROPE","co","region zealand",-46.5200328470228
"WESTERN EUROPE","co","andalusia",-53.8615843941704
"WESTERN EUROPE","co","aragon",-55.1851251122939
"WESTERN EUROPE","co","asturias",-56.0511423826846
"WESTERN EUROPE","co","balearic islands",-52.979782936214
"WESTERN EUROPE","co","basque country",-52.5864363191681
"WESTERN EUROPE","co","cantabria",-53.2016113917813
"WESTERN EUROPE","co","castile-la mancha",-56.1566890591347
"WESTERN EUROPE","co","castile and le<f3>n",-54.7831833898712
"WESTERN EUROPE","co","catalonia",-55.791997830106
"WESTERN EUROPE","co","community of madrid",-52.7608409110352
"WESTERN EUROPE","co","extremadura",-55.7746257963179
"WESTERN EUROPE","co","galicia",-57.4346986522633
"WESTERN EUROPE","co","la rioja",-55.7773800078241
"WESTERN EUROPE","co","navarre",-60.2991703505749
"WESTERN EUROPE","co","region of murcia",-57.656690278451
"WESTERN EUROPE","co","valencian community",-54.4150754351211
"WESTERN EUROPE","co","<ee>le-de-france",-48.5260493713092
"WESTERN EUROPE","co","auvergne-rh<f4>ne-alpes",-51.7799972771026
"WESTERN EUROPE","co","centre-val de loire",-54.3129253743475
"WESTERN EUROPE","co","grand est",-53.9840942319994
"WESTERN EUROPE","co","hauts-de-france",-50.9536089057975
"WESTERN EUROPE","co","pays de la loire",-53.4261590899164
"WESTERN EUROPE","co","county cork",-55.6463310698812
"WESTERN EUROPE","co","county dublin",-50.8151215147817
"WESTERN EUROPE","co","emilia-romagna",-57.224303262764
"WESTERN EUROPE","co","lazio",-53.2299348186767
"WESTERN EUROPE","co","lu",-46.7593061055702
"WESTERN EUROPE","co","north holland",-45.0834855975621
"WESTERN EUROPE","co","oslo",-53.1854139507569
"WESTERN EUROPE","co","aveiro district",-73.6226030338311
"WESTERN EUROPE","co","faro district",-71.2809791714296
"WESTERN EUROPE","co","lisbon",-74.5371970265966
"WESTERN EUROPE","co","porto district",-75.7740630440773
"WESTERN EUROPE","co","setubal",-75.623149169368
"WESTERN EUROPE","no2","ad",49.6481146581643
"WESTERN EUROPE","no2","brussels",55.069037855698
"WESTERN EUROPE","no2","flanders",48.9997471218425
"WESTERN EUROPE","no2","wallonia",51.9352364163071
"WESTERN EUROPE","no2","basel-landschaft",72.4723761166742
"WESTERN EUROPE","no2","basel city",79.5896996726143
"WESTERN EUROPE","no2","canton of bern",77.7731542321275
"WESTERN EUROPE","no2","geneva",82.33597887272
"WESTERN EUROPE","no2","neuch<e2>tel",77.5057784101541
"WESTERN EUROPE","no2","schwyz",70.9974429082771
"WESTERN EUROPE","no2","st. gallen",72.1482498531243
"WESTERN EUROPE","no2","thurgau",71.8795994183853
"WESTERN EUROPE","no2","ticino",81.7762440157404
"WESTERN EUROPE","no2","valais",80.1146351758458
"WESTERN EUROPE","no2","vaud",80.2589838607231
"WESTERN EUROPE","no2","zurich",79.139973145931
"WESTERN EUROPE","no2","bavaria",63.6112403546548
"WESTERN EUROPE","no2","berlin",63.3966348326693
"WESTERN EUROPE","no2","brandenburg",52.5499655337147
"WESTERN EUROPE","no2","bremen",62.0158973285377
"WESTERN EUROPE","no2","hamburg",62.4171408363433
"WESTERN EUROPE","no2","hesse",62.3986236629284
"WESTERN EUROPE","no2","lower saxony",59.5574413354728
"WESTERN EUROPE","no2","mecklenburg-vorpommern",56.1245503551424
"WESTERN EUROPE","no2","north rhine-westphalia",61.0223788216627
"WESTERN EUROPE","no2","rhineland-palatinate",61.3133646065351
"WESTERN EUROPE","no2","saarland",62.2234001494964
"WESTERN EUROPE","no2","saxony",59.0444118232756
"WESTERN EUROPE","no2","saxony-anhalt",54.4888920509335
"WESTERN EUROPE","no2","schleswig-holstein",59.6087387763858
"WESTERN EUROPE","no2","thuringia",51.8972537230865
"WESTERN EUROPE","no2","capital region of denmark",83.3814927361852
"WESTERN EUROPE","no2","central denmark region",80.2894065919585
"WESTERN EUROPE","no2","north denmark region",76.3655615168189
"WESTERN EUROPE","no2","region of southern denmark",79.6502729162439
"WESTERN EUROPE","no2","region zealand",78.4425492070342
"WESTERN EUROPE","no2","andalusia",72.0876744738951
"WESTERN EUROPE","no2","aragon",69.7774569417631
"WESTERN EUROPE","no2","asturias",68.9114396713724
"WESTERN EUROPE","no2","balearic islands",71.9891681684438
"WESTERN EUROPE","no2","basque country",72.3761457348889
"WESTERN EUROPE","no2","canary islands",71.4790906015392
"WESTERN EUROPE","no2","cantabria",71.7609706622757
"WESTERN EUROPE","no2","castile-la mancha",72.1992642325183
"WESTERN EUROPE","no2","castile and le<f3>n",70.4801163083282
"WESTERN EUROPE","no2","catalonia",72.3192053312234
"WESTERN EUROPE","no2","community of madrid",72.2017411430218
"WESTERN EUROPE","no2","es",70.4365017549384
"WESTERN EUROPE","no2","extremadura",69.1879562577391
"WESTERN EUROPE","no2","galicia",67.5278834017937
"WESTERN EUROPE","no2","la rioja",68.8431298915814
"WESTERN EUROPE","no2","navarre",64.1960758173839
"WESTERN EUROPE","no2","region of murcia",67.6825382523183
"WESTERN EUROPE","no2","valencian community",70.5475066189359
"WESTERN EUROPE","no2","central finland",60.8245774960825
"WESTERN EUROPE","no2","kymenlaakso",59.354694590133
"WESTERN EUROPE","no2","lapland",62.8587706849764
"WESTERN EUROPE","no2","northern ostrobothnia",59.6872487094057
"WESTERN EUROPE","no2","northern savonia",58.5883722911673
"WESTERN EUROPE","no2","ostrobothnia",57.2580484465812
"WESTERN EUROPE","no2","pirkanmaa",60.2734841438895
"WESTERN EUROPE","no2","south karelia",59.5250337512915
"WESTERN EUROPE","no2","southwest finland",57.849145834587
"WESTERN EUROPE","no2","uusimaa",62.2263509245415
"WESTERN EUROPE","no2","<ee>le-de-france",76.4365326827478
"WESTERN EUROPE","no2","auvergne-rh<f4>ne-alpes",73.1825847769544
"WESTERN EUROPE","no2","bourgogne-franche-comt<e9>",71.0662656898664
"WESTERN EUROPE","no2","brittany",69.0849809223812
"WESTERN EUROPE","no2","centre-val de loire",70.6496566797095
"WESTERN EUROPE","no2","corsica",70.9520517760778
"WESTERN EUROPE","no2","fr",71.8432759484868
"WESTERN EUROPE","no2","grand est",70.9784878220576
"WESTERN EUROPE","no2","hauts-de-france",74.0089731482595
"WESTERN EUROPE","no2","normandy",71.3600748391439
"WESTERN EUROPE","no2","nouvelle-aquitaine",70.5674024472893
"WESTERN EUROPE","no2","occitanie",72.1960419846619
"WESTERN EUROPE","no2","pays de la loire",71.5364229641406
"WESTERN EUROPE","no2","gb",61.3419856259062
"WESTERN EUROPE","no2","county cork",69.3162509841758
"WESTERN EUROPE","no2","county dublin",74.1474605392753
"WESTERN EUROPE","no2","emilia-romagna",67.738278791293
"WESTERN EUROPE","no2","lazio",71.7326472353803
"WESTERN EUROPE","no2","lu",78.2032759484868
"WESTERN EUROPE","no2","drenthe",71.6792090167165
"WESTERN EUROPE","no2","flevoland",76.2702700609914
"WESTERN EUROPE","no2","friesland",70.686447623836
"WESTERN EUROPE","no2","gelderland",74.8403837738241
"WESTERN EUROPE","no2","groningen",77.1318144644011
"WESTERN EUROPE","no2","limburg",75.8963628454637
"WESTERN EUROPE","no2","north brabant",77.2846792041369
"WESTERN EUROPE","no2","north holland",80.4914002965405
"WESTERN EUROPE","no2","overijssel",77.0341589567611
"WESTERN EUROPE","no2","south holland",76.7113945041164
"WESTERN EUROPE","no2","utrecht",78.3268076290709
"WESTERN EUROPE","no2","zeeland",72.7676733285641
"WESTERN EUROPE","no2","agder",56.4472346556166
"WESTERN EUROPE","no2","innlandet",60.0931359488822
"WESTERN EUROPE","no2","m<f8>re og romsdal",60.1273449983026
"WESTERN EUROPE","no2","no",63.9410178839707
"WESTERN EUROPE","no2","oslo",71.7997305151649
"WESTERN EUROPE","no2","rogaland",64.8240648185111
"WESTERN EUROPE","no2","troms og finnmark",66.2571158163732
"WESTERN EUROPE","no2","vestfold og telemark",60.3763661452393
"WESTERN EUROPE","no2","vestland",65.0264974714824
"WESTERN EUROPE","no2","viken",66.9716947866352
"WESTERN EUROPE","no2","<e9>vora district",50.1614199605794
"WESTERN EUROPE","no2","aveiro district",51.0320948675391
"WESTERN EUROPE","no2","braga",50.1469874068473
"WESTERN EUROPE","no2","castelo branco district",52.8171620159353
"WESTERN EUROPE","no2","faro district",52.9821856713648
"WESTERN EUROPE","no2","leiria district",50.7636703337987
"WESTERN EUROPE","no2","lisbon",50.4253850274604
"WESTERN EUROPE","no2","porto district",49.1885190099797
"WESTERN EUROPE","no2","santar<e9>m district",50.5876875198087
"WESTERN EUROPE","no2","setubal",49.339432884689
"WESTERN EUROPE","no2","viana do castelo district",46.9731607186704
"WESTERN EUROPE","no2","viseu district",49.1441702192062
"WESTERN EUROPE","o3","ad",52.3472222235979
"WESTERN EUROPE","o3","brussels",57.7681454211317
"WESTERN EUROPE","o3","wallonia",54.6343439817408
"WESTERN EUROPE","o3","basel-landschaft",75.1714836821079
"WESTERN EUROPE","o3","basel city",82.288807238048
"WESTERN EUROPE","o3","canton of bern",80.4722617975612
"WESTERN EUROPE","o3","geneva",85.0350864381536
"WESTERN EUROPE","o3","lucerne",79.6204277096687
"WESTERN EUROPE","o3","neuch<e2>tel",80.2132994267919
"WESTERN EUROPE","o3","schwyz",73.6965504737108
"WESTERN EUROPE","o3","st. gallen",74.8473574185579
"WESTERN EUROPE","o3","thurgau",74.5787069838189
"WESTERN EUROPE","o3","ticino",84.475351581174
"WESTERN EUROPE","o3","valais",82.8137427412795
"WESTERN EUROPE","o3","vaud",82.9580914261567
"WESTERN EUROPE","o3","zurich",81.8390807113647
"WESTERN EUROPE","o3","bavaria",66.3103479200885
"WESTERN EUROPE","o3","berlin",66.095742398103
"WESTERN EUROPE","o3","brandenburg",55.2490730991483
"WESTERN EUROPE","o3","bremen",64.7150048939714
"WESTERN EUROPE","o3","hamburg",65.116248401777
"WESTERN EUROPE","o3","hesse",65.0977312283621
"WESTERN EUROPE","o3","lower saxony",62.2565489009064
"WESTERN EUROPE","o3","mecklenburg-vorpommern",58.8236579205761
"WESTERN EUROPE","o3","north rhine-westphalia",63.7214863870964
"WESTERN EUROPE","o3","rhineland-palatinate",64.0124721719688
"WESTERN EUROPE","o3","saarland",64.9225077149301
"WESTERN EUROPE","o3","saxony",61.7435193887093
"WESTERN EUROPE","o3","saxony-anhalt",57.1879996163672
"WESTERN EUROPE","o3","schleswig-holstein",62.3078463418195
"WESTERN EUROPE","o3","thuringia",54.5963612885202
"WESTERN EUROPE","o3","capital region of denmark",86.0806003016189
"WESTERN EUROPE","o3","central denmark region",82.9885141573922
"WESTERN EUROPE","o3","north denmark region",79.0646690822526
"WESTERN EUROPE","o3","region of southern denmark",82.3493804816776
"WESTERN EUROPE","o3","region zealand",81.1416567724679
"WESTERN EUROPE","o3","andalusia",74.7867820393288
"WESTERN EUROPE","o3","aragon",72.4765645071968
"WESTERN EUROPE","o3","asturias",71.610547236806
"WESTERN EUROPE","o3","balearic islands",74.6882757338774
"WESTERN EUROPE","o3","basque country",75.0752533003226
"WESTERN EUROPE","o3","canary islands",74.1781981669729
"WESTERN EUROPE","o3","cantabria",74.4600782277094
"WESTERN EUROPE","o3","castile-la mancha",74.8983717979519
"WESTERN EUROPE","o3","castile and le<f3>n",73.1792238737619
"WESTERN EUROPE","o3","catalonia",75.0183128966571
"WESTERN EUROPE","o3","community of madrid",74.9008487084555
"WESTERN EUROPE","o3","es",73.1356093203721
"WESTERN EUROPE","o3","extremadura",71.8870638231727
"WESTERN EUROPE","o3","galicia",70.2269909672273
"WESTERN EUROPE","o3","la rioja",71.8843096116666
"WESTERN EUROPE","o3","navarre",66.8951833828176
"WESTERN EUROPE","o3","region of murcia",70.381645817752
"WESTERN EUROPE","o3","valencian community",73.2466141843695
"WESTERN EUROPE","o3","kymenlaakso",62.0538021555666
"WESTERN EUROPE","o3","lapland",65.5578782504101
"WESTERN EUROPE","o3","northern ostrobothnia",62.3863562748394
"WESTERN EUROPE","o3","pirkanmaa",62.9725917093232
"WESTERN EUROPE","o3","southwest finland",60.5482534000206
"WESTERN EUROPE","o3","uusimaa",64.9254584899752
"WESTERN EUROPE","o3","<ee>le-de-france",79.1356402481815
"WESTERN EUROPE","o3","auvergne-rh<f4>ne-alpes",75.881692342388
"WESTERN EUROPE","o3","bourgogne-franche-comt<e9>",73.7653732553001
"WESTERN EUROPE","o3","brittany",71.7840884878149
"WESTERN EUROPE","o3","centre-val de loire",73.3487642451432
"WESTERN EUROPE","o3","corsica",73.6511593415114
"WESTERN EUROPE","o3","fr",74.5423835139205
"WESTERN EUROPE","o3","grand est",73.6775953874913
"WESTERN EUROPE","o3","hauts-de-france",76.7080807136932
"WESTERN EUROPE","o3","normandy",74.0591824045776
"WESTERN EUROPE","o3","nouvelle-aquitaine",73.266510012723
"WESTERN EUROPE","o3","occitanie",74.8951495500956
"WESTERN EUROPE","o3","pays de la loire",74.2355305295742
"WESTERN EUROPE","o3","gb",64.0410931913399
"WESTERN EUROPE","o3","county cork",68.4270162463819
"WESTERN EUROPE","o3","county dublin",76.846568104709
"WESTERN EUROPE","o3","county galway",67.6444466529404
"WESTERN EUROPE","o3","county kerry",73.9846240930965
"WESTERN EUROPE","o3","county mayo",73.5361890638015
"WESTERN EUROPE","o3","ie",71.5027060945657
"WESTERN EUROPE","o3","emilia-romagna",70.4373863567267
"WESTERN EUROPE","o3","lazio",74.431754800814
"WESTERN EUROPE","o3","lu",80.9023835139205
"WESTERN EUROPE","o3","drenthe",74.3783165821502
"WESTERN EUROPE","o3","flevoland",78.969377626425
"WESTERN EUROPE","o3","friesland",73.3855551892697
"WESTERN EUROPE","o3","gelderland",77.5394913392578
"WESTERN EUROPE","o3","groningen",79.8309220298348
"WESTERN EUROPE","o3","limburg",78.5954704108974
"WESTERN EUROPE","o3","north brabant",79.9837867695706
"WESTERN EUROPE","o3","north holland",83.1905078619742
"WESTERN EUROPE","o3","overijssel",79.7332665221948
"WESTERN EUROPE","o3","south holland",79.41050206955
"WESTERN EUROPE","o3","utrecht",81.0259151945045
"WESTERN EUROPE","o3","zeeland",75.4667808939978
"WESTERN EUROPE","o3","agder",59.1463422210502
"WESTERN EUROPE","o3","m<f8>re og romsdal",62.8264525637363
"WESTERN EUROPE","o3","nordland",66.6915141229284
"WESTERN EUROPE","o3","oslo",74.4988380805985
"WESTERN EUROPE","o3","rogaland",67.5231723839448
"WESTERN EUROPE","o3","vestfold og telemark",63.075473710673
"WESTERN EUROPE","o3","vestland",67.7256050369161
"WESTERN EUROPE","o3","viken",69.6708023520689
"WESTERN EUROPE","o3","aveiro district",53.7312024329727
"WESTERN EUROPE","o3","braga",52.846094972281
"WESTERN EUROPE","o3","castelo branco district",55.5162695813689
"WESTERN EUROPE","o3","faro district",55.6812932367984
"WESTERN EUROPE","o3","leiria district",53.4627778992324
"WESTERN EUROPE","o3","lisbon",53.1244925928941
"WESTERN EUROPE","o3","porto district",51.8876265754133
"WESTERN EUROPE","o3","santar<e9>m district",53.2867950852423
"WESTERN EUROPE","o3","setubal",52.0385404501227
"WESTERN EUROPE","o3","viana do castelo district",49.4857895562635
"WESTERN EUROPE","o3","viseu district",51.8432777846399
"WESTERN EUROPE","pm10","ad",46.1621856188014
"WESTERN EUROPE","pm10","brussels",51.5831088163351
"WESTERN EUROPE","pm10","flanders",45.5138180824796
"WESTERN EUROPE","pm10","basel-landschaft",68.9864470773113
"WESTERN EUROPE","pm10","basel city",76.1037706332514
"WESTERN EUROPE","pm10","canton of bern",74.2872251927646
"WESTERN EUROPE","pm10","geneva",78.8500498333571
"WESTERN EUROPE","pm10","lucerne",73.4353911048721
"WESTERN EUROPE","pm10","neuch<e2>tel",74.0282628219953
"WESTERN EUROPE","pm10","schwyz",67.5115138689142
"WESTERN EUROPE","pm10","st. gallen",68.6623208137614
"WESTERN EUROPE","pm10","thurgau",68.3936703790224
"WESTERN EUROPE","pm10","ticino",78.2903149763775
"WESTERN EUROPE","pm10","valais",76.6287061364829
"WESTERN EUROPE","pm10","vaud",76.7730548213602
"WESTERN EUROPE","pm10","zurich",75.6540441065681
"WESTERN EUROPE","pm10","bavaria",60.1253113152919
"WESTERN EUROPE","pm10","berlin",59.9107057933064
"WESTERN EUROPE","pm10","brandenburg",49.0640364943518
"WESTERN EUROPE","pm10","bremen",58.5299682891748
"WESTERN EUROPE","pm10","hamburg",58.6675586617172
"WESTERN EUROPE","pm10","hesse",58.9126946235655
"WESTERN EUROPE","pm10","lower saxony",56.0715122961099
"WESTERN EUROPE","pm10","mecklenburg-vorpommern",52.6386213157795
"WESTERN EUROPE","pm10","north rhine-westphalia",57.5364497822998
"WESTERN EUROPE","pm10","rhineland-palatinate",57.8274355671722
"WESTERN EUROPE","pm10","saarland",58.7374711101335
"WESTERN EUROPE","pm10","saxony",55.5584827839127
"WESTERN EUROPE","pm10","saxony-anhalt",51.0029630115706
"WESTERN EUROPE","pm10","schleswig-holstein",56.1228097370229
"WESTERN EUROPE","pm10","thuringia",48.4113246837236
"WESTERN EUROPE","pm10","andalusia",67.6150686205237
"WESTERN EUROPE","pm10","aragon",64.3262931287205
"WESTERN EUROPE","pm10","asturias",65.4255106320095
"WESTERN EUROPE","pm10","balearic islands",68.4255278625
"WESTERN EUROPE","pm10","basque country",68.890216695526
"WESTERN EUROPE","pm10","canary islands",67.6851293580254
"WESTERN EUROPE","pm10","cantabria",68.2750416229128
"WESTERN EUROPE","pm10","castile-la mancha",65.3199639555594
"WESTERN EUROPE","pm10","castile and le<f3>n",66.9941872689653
"WESTERN EUROPE","pm10","catalonia",66.1125751358235
"WESTERN EUROPE","pm10","community of madrid",68.7158121036589
"WESTERN EUROPE","pm10","es",66.9505727155755
"WESTERN EUROPE","pm10","galicia",64.0419543624308
"WESTERN EUROPE","pm10","navarre",60.710146778021
"WESTERN EUROPE","pm10","region of murcia",64.1966092129554
"WESTERN EUROPE","pm10","valencian community",67.4039276408817
"WESTERN EUROPE","pm10","central finland",57.3386484567196
"WESTERN EUROPE","pm10","kymenlaakso",55.8687655507701
"WESTERN EUROPE","pm10","northern ostrobothnia",56.2013196700428
"WESTERN EUROPE","pm10","northern savonia",55.1024432518044
"WESTERN EUROPE","pm10","ostrobothnia",53.7721194072183
"WESTERN EUROPE","pm10","pirkanmaa",56.7875551045266
"WESTERN EUROPE","pm10","satakunta",49.6147217945072
"WESTERN EUROPE","pm10","south karelia",56.0391047119286
"WESTERN EUROPE","pm10","uusimaa",58.7404218851786
"WESTERN EUROPE","pm10","<ee>le-de-france",72.9506036433849
"WESTERN EUROPE","pm10","auvergne-rh<f4>ne-alpes",69.6966557375915
"WESTERN EUROPE","pm10","bourgogne-franche-comt<e9>",67.5803366505035
"WESTERN EUROPE","pm10","brittany",65.5990518830183
"WESTERN EUROPE","pm10","centre-val de loire",67.1637276403466
"WESTERN EUROPE","pm10","corsica",67.4661227367149
"WESTERN EUROPE","pm10","fr",68.3573469091239
"WESTERN EUROPE","pm10","grand est",67.4925587826947
"WESTERN EUROPE","pm10","hauts-de-france",70.5230441088966
"WESTERN EUROPE","pm10","normandy",67.874145799781
"WESTERN EUROPE","pm10","nouvelle-aquitaine",67.0814734079264
"WESTERN EUROPE","pm10","occitanie",68.710112945299
"WESTERN EUROPE","pm10","pays de la loire",68.0504939247777
"WESTERN EUROPE","pm10","gb",57.8560565865433
"WESTERN EUROPE","pm10","county cork",65.8303219448129
"WESTERN EUROPE","pm10","county dublin",70.6615314999124
"WESTERN EUROPE","pm10","county mayo",69.9335486056591
"WESTERN EUROPE","pm10","county wexford",60.7870611023555
"WESTERN EUROPE","pm10","emilia-romagna",64.2523497519301
"WESTERN EUROPE","pm10","lu",74.7173469091239
"WESTERN EUROPE","pm10","drenthe",68.1932799773536
"WESTERN EUROPE","pm10","flevoland",72.7843410216284
"WESTERN EUROPE","pm10","friesland",67.2005185844731
"WESTERN EUROPE","pm10","gelderland",71.3544547344612
"WESTERN EUROPE","pm10","groningen",73.6458854250382
"WESTERN EUROPE","pm10","limburg",72.4104338061008
"WESTERN EUROPE","pm10","north brabant",73.798750164774
"WESTERN EUROPE","pm10","north holland",77.0054712571776
"WESTERN EUROPE","pm10","overijssel",73.5482299173982
"WESTERN EUROPE","pm10","south holland",73.2254654647535
"WESTERN EUROPE","pm10","utrecht",74.840878589708
"WESTERN EUROPE","pm10","zeeland",69.2817442892012
"WESTERN EUROPE","pm10","agder",52.9613056162537
"WESTERN EUROPE","pm10","innlandet",56.6072069095193
"WESTERN EUROPE","pm10","m<f8>re og romsdal",56.6414159589397
"WESTERN EUROPE","pm10","no",60.4550888446078
"WESTERN EUROPE","pm10","nordland",60.5064775181318
"WESTERN EUROPE","pm10","oslo",68.313801475802
"WESTERN EUROPE","pm10","rogaland",61.3381357791482
"WESTERN EUROPE","pm10","troms og finnmark",62.7711867770103
"WESTERN EUROPE","pm10","vestfold og telemark",56.8904371058764
"WESTERN EUROPE","pm10","vestland",61.5405684321195
"WESTERN EUROPE","pm10","viken",63.4857657472723
"WESTERN EUROPE","pm10","<e9>vora district",46.6754909212165
"WESTERN EUROPE","pm10","aveiro district",47.5461658281762
"WESTERN EUROPE","pm10","braga",46.6610583674844
"WESTERN EUROPE","pm10","castelo branco district",49.3312329765724
"WESTERN EUROPE","pm10","faro district",49.4962566320019
"WESTERN EUROPE","pm10","leiria district",43.0844150243993
"WESTERN EUROPE","pm10","porto district",45.7025899706168
"WESTERN EUROPE","pm10","setubal",45.8535038453261
"WESTERN EUROPE","pm10","viseu district",45.6582411798433
"WESTERN EUROPE","so2","ad",53.4016348385624
"WESTERN EUROPE","so2","brussels",58.8225580360961
"WESTERN EUROPE","so2","flanders",52.7532673022406
"WESTERN EUROPE","so2","wallonia",55.6887565967052
"WESTERN EUROPE","so2","basel-landschaft",76.2258962970724
"WESTERN EUROPE","so2","canton of bern",81.5266744125256
"WESTERN EUROPE","so2","schwyz",74.7509630886753
"WESTERN EUROPE","so2","ticino",85.5297641961385
"WESTERN EUROPE","so2","vaud",84.0125040411212
"WESTERN EUROPE","so2","zurich",82.8934933263291
"WESTERN EUROPE","so2","brandenburg",56.3034857141128
"WESTERN EUROPE","so2","bremen",65.7694175089358
"WESTERN EUROPE","so2","hesse",66.1521438433266
"WESTERN EUROPE","so2","lower saxony",63.1756906841086
"WESTERN EUROPE","so2","mecklenburg-vorpommern",59.8780705355405
"WESTERN EUROPE","so2","north rhine-westphalia",64.7758990020609
"WESTERN EUROPE","so2","rhineland-palatinate",65.0668847869332
"WESTERN EUROPE","so2","saarland",65.9769203298946
"WESTERN EUROPE","so2","saxony",62.7979320036737
"WESTERN EUROPE","so2","saxony-anhalt",58.2424122313317
"WESTERN EUROPE","so2","schleswig-holstein",63.362258956784
"WESTERN EUROPE","so2","thuringia",55.6507739034846
"WESTERN EUROPE","so2","capital region of denmark",87.1350129165833
"WESTERN EUROPE","so2","andalusia",75.8411946542933
"WESTERN EUROPE","so2","aragon",73.5309771221612
"WESTERN EUROPE","so2","asturias",72.6649598517705
"WESTERN EUROPE","so2","balearic islands",75.7426883488419
"WESTERN EUROPE","so2","basque country",76.129665915287
"WESTERN EUROPE","so2","canary islands",75.2326107819374
"WESTERN EUROPE","so2","cantabria",75.5144908426739
"WESTERN EUROPE","so2","castile-la mancha",75.9527844129164
"WESTERN EUROPE","so2","castile and le<f3>n",74.2336364887263
"WESTERN EUROPE","so2","catalonia",76.0727255116216
"WESTERN EUROPE","so2","community of madrid",75.95526132342
"WESTERN EUROPE","so2","es",74.1900219353366
"WESTERN EUROPE","so2","extremadura",72.9414764381372
"WESTERN EUROPE","so2","galicia",71.2814035821918
"WESTERN EUROPE","so2","la rioja",72.5966500719795
"WESTERN EUROPE","so2","navarre",68.3716888309071
"WESTERN EUROPE","so2","region of murcia",71.4360584327165
"WESTERN EUROPE","so2","valencian community",74.301026799334
"WESTERN EUROPE","so2","kymenlaakso",63.1082147705311
"WESTERN EUROPE","so2","lapland",66.6122908653745
"WESTERN EUROPE","so2","northern ostrobothnia",63.4407688898038
"WESTERN EUROPE","so2","satakunta",56.8541710142682
"WESTERN EUROPE","so2","south karelia",63.2785539316896
"WESTERN EUROPE","so2","southwest finland",61.6026660149851
"WESTERN EUROPE","so2","uusimaa",65.9715855993903
"WESTERN EUROPE","so2","<ee>le-de-france",80.190052863146
"WESTERN EUROPE","so2","auvergne-rh<f4>ne-alpes",76.9361049573525
"WESTERN EUROPE","so2","bourgogne-franche-comt<e9>",74.8197858702645
"WESTERN EUROPE","so2","corsica",74.7055719564759
"WESTERN EUROPE","so2","fr",75.596796128885
"WESTERN EUROPE","so2","grand est",74.7320080024558
"WESTERN EUROPE","so2","hauts-de-france",77.7624933286577
"WESTERN EUROPE","so2","normandy",75.113595019542
"WESTERN EUROPE","so2","nouvelle-aquitaine",74.3209226276875
"WESTERN EUROPE","so2","pays de la loire",75.2899431445387
"WESTERN EUROPE","so2","gb",65.0955058063043
"WESTERN EUROPE","so2","county cork",72.8313642612402
"WESTERN EUROPE","so2","emilia-romagna",71.4633610833417
"WESTERN EUROPE","so2","lazio",75.4861674157784
"WESTERN EUROPE","so2","lu",81.956796128885
"WESTERN EUROPE","so2","friesland",74.4399678042341
"WESTERN EUROPE","so2","gelderland",79.2317191115036
"WESTERN EUROPE","so2","limburg",79.6498830258618
"WESTERN EUROPE","so2","north holland",83.6326166368931
"WESTERN EUROPE","so2","utrecht",82.080327809469
"WESTERN EUROPE","so2","zeeland",76.5211935089622
"WESTERN EUROPE","so2","agder",60.2007548360147
"WESTERN EUROPE","so2","troms og finnmark",70.6085039567502
"WESTERN EUROPE","so2","viken",70.9171274341382
"WESTERN EUROPE","so2","<e9>vora district",53.9149401409775
"WESTERN EUROPE","so2","faro district",56.4972236173305
"WESTERN EUROPE","so2","leiria district",54.5171905141968
"WESTERN EUROPE","so2","lisbon",54.1789052078585
"WESTERN EUROPE","so2","santar<e9>m district",54.3412077002068
"WESTERN EUROPE","so2","setubal",53.0929530650871
"WESTERN EUROPE","pm25","brussels",51.9246466312818
"WESTERN EUROPE","pm25","flanders",45.8553558974263
"WESTERN EUROPE","pm25","wallonia",48.790845191891
"WESTERN EUROPE","pm25","basel-landschaft",69.3279848922581
"WESTERN EUROPE","pm25","canton of bern",74.6287630077113
"WESTERN EUROPE","pm25","schwyz",67.853051683861
"WESTERN EUROPE","pm25","ticino",78.6318527913242
"WESTERN EUROPE","pm25","vaud",77.1145926363069
"WESTERN EUROPE","pm25","zurich",75.9955819215148
"WESTERN EUROPE","pm25","bavaria",60.4668491302387
"WESTERN EUROPE","pm25","brandenburg",49.4055743092985
"WESTERN EUROPE","pm25","bremen",58.8715061041215
"WESTERN EUROPE","pm25","hamburg",59.0090964766639
"WESTERN EUROPE","pm25","hesse",59.2542324385123
"WESTERN EUROPE","pm25","lower saxony",56.4130501110566
"WESTERN EUROPE","pm25","mecklenburg-vorpommern",52.9801591307263
"WESTERN EUROPE","pm25","north rhine-westphalia",57.8779875972466
"WESTERN EUROPE","pm25","rhineland-palatinate",58.1689733821189
"WESTERN EUROPE","pm25","saarland",59.0790089250803
"WESTERN EUROPE","pm25","saxony-anhalt",51.3445008265174
"WESTERN EUROPE","pm25","schleswig-holstein",56.4643475519697
"WESTERN EUROPE","pm25","thuringia",48.7528624986703
"WESTERN EUROPE","pm25","asturias",65.7670484469562
"WESTERN EUROPE","pm25","basque country",69.2317545104728
"WESTERN EUROPE","pm25","canary islands",65.8232697396362
"WESTERN EUROPE","pm25","castile-la mancha",65.1487461880667
"WESTERN EUROPE","pm25","castile and le<f3>n",66.8319031438834
"WESTERN EUROPE","pm25","community of madrid",69.0573499186057
"WESTERN EUROPE","pm25","galicia",64.3834921773775
"WESTERN EUROPE","pm25","la rioja",65.6404239238495
"WESTERN EUROPE","pm25","valencian community",67.7454654558285
"WESTERN EUROPE","pm25","kymenlaakso",56.2103033657168
"WESTERN EUROPE","pm25","northern ostrobothnia",56.5428574849895
"WESTERN EUROPE","pm25","pirkanmaa",57.1290929194733
"WESTERN EUROPE","pm25","south karelia",56.3806425268753
"WESTERN EUROPE","pm25","southwest finland",54.7047546101708
"WESTERN EUROPE","pm25","uusimaa",59.0819597001254
"WESTERN EUROPE","pm25","<ee>le-de-france",73.2921414583317
"WESTERN EUROPE","pm25","auvergne-rh<f4>ne-alpes",70.0381935525382
"WESTERN EUROPE","pm25","bourgogne-franche-comt<e9>",67.9218744654502
"WESTERN EUROPE","pm25","brittany",65.940589697965
"WESTERN EUROPE","pm25","centre-val de loire",67.5052654552933
"WESTERN EUROPE","pm25","corsica",67.8076605516616
"WESTERN EUROPE","pm25","fr",68.6988847240707
"WESTERN EUROPE","pm25","grand est",67.8340965976415
"WESTERN EUROPE","pm25","hauts-de-france",70.8645819238434
"WESTERN EUROPE","pm25","normandy",68.2156836147278
"WESTERN EUROPE","pm25","nouvelle-aquitaine",67.4230112228732
"WESTERN EUROPE","pm25","occitanie",69.0516507602457
"WESTERN EUROPE","pm25","pays de la loire",68.3920317397244
"WESTERN EUROPE","pm25","gb",58.19759440149
"WESTERN EUROPE","pm25","county cork",66.1718597597596
"WESTERN EUROPE","pm25","county dublin",71.0030693148592
"WESTERN EUROPE","pm25","lu",75.0588847240707
"WESTERN EUROPE","pm25","friesland",67.5420563994198
"WESTERN EUROPE","pm25","gelderland",71.6959925494079
"WESTERN EUROPE","pm25","groningen",73.987423239985
"WESTERN EUROPE","pm25","limburg",72.7476631170559
"WESTERN EUROPE","pm25","north brabant",74.1402879797208
"WESTERN EUROPE","pm25","north holland",77.3470090721244
"WESTERN EUROPE","pm25","overijssel",74.081806956818
"WESTERN EUROPE","pm25","south holland",73.5670032797002
"WESTERN EUROPE","pm25","utrecht",75.1824164046547
"WESTERN EUROPE","pm25","innlandet",56.9487447244661
"WESTERN EUROPE","pm25","no",60.7966266595545
"WESTERN EUROPE","pm25","nordland",60.8480153330785
"WESTERN EUROPE","pm25","oslo",68.6553392907487
"WESTERN EUROPE","pm25","rogaland",61.679673594095
"WESTERN EUROPE","pm25","troms og finnmark",63.112724591957
"WESTERN EUROPE","pm25","vestfold og telemark",57.2319749208231
"WESTERN EUROPE","pm25","vestland",61.8821062470662
"WESTERN EUROPE","pm25","viken",63.827303562219
"WESTERN EUROPE","pm25","<e9>vora district",47.0170287361632
"WESTERN EUROPE","pm25","castelo branco district",49.8623961038425
"WESTERN EUROPE","pm25","faro district",49.7812793726232
"WESTERN EUROPE","pm25","leiria district",47.6192791093825
"WESTERN EUROPE","pm25","porto district",46.5242708960341
"WESTERN EUROPE","pm25","setubal",46.1950416602728
"NEAR EAST","pm25","abu dhabi",81.5417804415282
"NEAR EAST","pm25","dubai",87.4526281420723
"NEAR EAST","pm25","bh",57.836471110766
"NEAR EAST","pm25","jo",93.1261485301208
"NEAR EAST","pm25","hawalli governorate",72.1215399541228
"ASIA (EX. NEAR EAST)","pm25","af",71.7400680903872
"ASIA (EX. NEAR EAST)","pm25","jakarta",53.0512708820062
"ASIA (EX. NEAR EAST)","pm25","andhra pradesh",101.031723352753
"ASIA (EX. NEAR EAST)","pm25","assam",100.463012548912
"ASIA (EX. NEAR EAST)","pm25","bihar",99.8917802683524
"ASIA (EX. NEAR EAST)","pm25","delhi",101.687783261641
"ASIA (EX. NEAR EAST)","pm25","gujarat",97.7919776502935
"ASIA (EX. NEAR EAST)","pm25","haryana",100.200401348887
"ASIA (EX. NEAR EAST)","pm25","in",96.258685601908
"ASIA (EX. NEAR EAST)","pm25","jharkhand",99.9540714144506
"ASIA (EX. NEAR EAST)","pm25","karnataka",97.4965462753212
"ASIA (EX. NEAR EAST)","pm25","kerala",99.1574375764982
"ASIA (EX. NEAR EAST)","pm25","madhya pradesh",101.954576805265
"ASIA (EX. NEAR EAST)","pm25","maharashtra",100.129860442549
"ASIA (EX. NEAR EAST)","pm25","odisha",103.428668687872
"ASIA (EX. NEAR EAST)","pm25","punjab",101.772517908901
"ASIA (EX. NEAR EAST)","pm25","rajasthan",101.126914162188
"ASIA (EX. NEAR EAST)","pm25","tamil nadu",97.0965616945328
"ASIA (EX. NEAR EAST)","pm25","telangana",97.9024502111348
"ASIA (EX. NEAR EAST)","pm25","uttar pradesh",102.751718093472
"ASIA (EX. NEAR EAST)","pm25","west bengal",99.2355410205637
"ASIA (EX. NEAR EAST)","pm25","la",83.2999713161937
"ASIA (EX. NEAR EAST)","pm25","lk",62.5649068000647
"ASIA (EX. NEAR EAST)","pm25","mm",57.7213559315783
"ASIA (EX. NEAR EAST)","pm25","pk",90.0303906710324
"ASIA (EX. NEAR EAST)","pm25","<U+009E>ilina region",89.6592102958885
"ASIA (EX. NEAR EAST)","pm25","bansk<e1> bystrica region",88.1155895501661
"ASIA (EX. NEAR EAST)","pm25","bratislava region",91.6440910728118
"ASIA (EX. NEAR EAST)","pm25","ko<U+009A>ice region",88.5211011169079
"ASIA (EX. NEAR EAST)","pm25","nitra region",88.1771505575158
"ASIA (EX. NEAR EAST)","pm25","pre<U+009A>ov region",88.4873186943186
"ASIA (EX. NEAR EAST)","pm25","trenc<ed>n region",86.8281418677428
"ASIA (EX. NEAR EAST)","pm25","trnava region",88.5472964064561
"ASIA (EX. NEAR EAST)","pm25","vn",43.6739390581292
"ASIA (EX. NEAR EAST)","co","andhra pradesh",374.120231924208
"ASIA (EX. NEAR EAST)","co","assam",373.551521120367
"ASIA (EX. NEAR EAST)","co","bihar",372.980288839807
"ASIA (EX. NEAR EAST)","co","delhi",374.776291833097
"ASIA (EX. NEAR EAST)","co","gujarat",370.880486221749
"ASIA (EX. NEAR EAST)","co","haryana",373.288909920342
"ASIA (EX. NEAR EAST)","co","in",369.347194173363
"ASIA (EX. NEAR EAST)","co","karnataka",370.585054846776
"ASIA (EX. NEAR EAST)","co","kerala",372.245946147953
"ASIA (EX. NEAR EAST)","co","madhya pradesh",375.04308537672
"ASIA (EX. NEAR EAST)","co","maharashtra",373.218369014004
"ASIA (EX. NEAR EAST)","co","odisha",376.517177259327
"ASIA (EX. NEAR EAST)","co","punjab",374.861026480356
"ASIA (EX. NEAR EAST)","co","rajasthan",374.215422733643
"ASIA (EX. NEAR EAST)","co","tamil nadu",370.185070265988
"ASIA (EX. NEAR EAST)","co","telangana",370.99095878259
"ASIA (EX. NEAR EAST)","co","uttar pradesh",375.840226664927
"ASIA (EX. NEAR EAST)","co","west bengal",372.324049592019
"ASIA (EX. NEAR EAST)","co","<U+009E>ilina region",362.747718867343
"ASIA (EX. NEAR EAST)","co","bansk<e1> bystrica region",361.204098121621
"ASIA (EX. NEAR EAST)","co","bratislava region",364.732599644267
"ASIA (EX. NEAR EAST)","co","ko<U+009A>ice region",361.609609688363
"ASIA (EX. NEAR EAST)","co","nitra region",361.265659128971
"ASIA (EX. NEAR EAST)","co","pre<U+009A>ov region",361.575827265774
"ASIA (EX. NEAR EAST)","co","trenc<ed>n region",359.916650439198
"ASIA (EX. NEAR EAST)","co","trnava region",361.635804977911
"ASIA (EX. NEAR EAST)","co","th",342.499544403778
"ASIA (EX. NEAR EAST)","no2","andhra pradesh",188.869541885924
"ASIA (EX. NEAR EAST)","no2","assam",188.300831082082
"ASIA (EX. NEAR EAST)","no2","bihar",187.729598801523
"ASIA (EX. NEAR EAST)","no2","delhi",189.525601794812
"ASIA (EX. NEAR EAST)","no2","gujarat",185.629796183464
"ASIA (EX. NEAR EAST)","no2","haryana",188.038219882057
"ASIA (EX. NEAR EAST)","no2","in",184.096504135078
"ASIA (EX. NEAR EAST)","no2","jharkhand",187.791889947621
"ASIA (EX. NEAR EAST)","no2","karnataka",185.334364808491
"ASIA (EX. NEAR EAST)","no2","kerala",186.995256109668
"ASIA (EX. NEAR EAST)","no2","madhya pradesh",189.792395338435
"ASIA (EX. NEAR EAST)","no2","maharashtra",187.96767897572
"ASIA (EX. NEAR EAST)","no2","odisha",190.684281168856
"ASIA (EX. NEAR EAST)","no2","punjab",189.610336442071
"ASIA (EX. NEAR EAST)","no2","rajasthan",188.964732695358
"ASIA (EX. NEAR EAST)","no2","tamil nadu",184.934380227703
"ASIA (EX. NEAR EAST)","no2","telangana",185.740268744305
"ASIA (EX. NEAR EAST)","no2","uttar pradesh",190.589536626642
"ASIA (EX. NEAR EAST)","no2","west bengal",187.073359553734
"ASIA (EX. NEAR EAST)","no2","<U+009E>ilina region",177.497028829059
"ASIA (EX. NEAR EAST)","no2","bansk<e1> bystrica region",175.953408083336
"ASIA (EX. NEAR EAST)","no2","bratislava region",179.481909605982
"ASIA (EX. NEAR EAST)","no2","ko<U+009A>ice region",176.358919650078
"ASIA (EX. NEAR EAST)","no2","nitra region",176.014969090686
"ASIA (EX. NEAR EAST)","no2","pre<U+009A>ov region",176.325137227489
"ASIA (EX. NEAR EAST)","no2","trenc<ed>n region",174.665960400913
"ASIA (EX. NEAR EAST)","no2","trnava region",176.385114939626
"ASIA (EX. NEAR EAST)","no2","th",157.248854365493
"ASIA (EX. NEAR EAST)","o3","andhra pradesh",109.932467531023
"ASIA (EX. NEAR EAST)","o3","assam",109.363756727182
"ASIA (EX. NEAR EAST)","o3","bihar",108.792524446622
"ASIA (EX. NEAR EAST)","o3","delhi",110.588527439911
"ASIA (EX. NEAR EAST)","o3","gujarat",106.692721828563
"ASIA (EX. NEAR EAST)","o3","haryana",109.101145527157
"ASIA (EX. NEAR EAST)","o3","in",105.159429780178
"ASIA (EX. NEAR EAST)","o3","jharkhand",108.740867274546
"ASIA (EX. NEAR EAST)","o3","karnataka",106.397290453591
"ASIA (EX. NEAR EAST)","o3","kerala",108.058181754768
"ASIA (EX. NEAR EAST)","o3","madhya pradesh",110.855320983535
"ASIA (EX. NEAR EAST)","o3","maharashtra",109.030604620819
"ASIA (EX. NEAR EAST)","o3","odisha",112.040062106789
"ASIA (EX. NEAR EAST)","o3","punjab",110.673262087171
"ASIA (EX. NEAR EAST)","o3","rajasthan",110.027658340458
"ASIA (EX. NEAR EAST)","o3","tamil nadu",105.997305872803
"ASIA (EX. NEAR EAST)","o3","telangana",106.803194389405
"ASIA (EX. NEAR EAST)","o3","uttar pradesh",111.652462271742
"ASIA (EX. NEAR EAST)","o3","west bengal",108.136285198834
"ASIA (EX. NEAR EAST)","o3","<U+009E>ilina region",98.5599544741584
"ASIA (EX. NEAR EAST)","o3","bansk<e1> bystrica region",97.0163337284361
"ASIA (EX. NEAR EAST)","o3","bratislava region",100.544835251082
"ASIA (EX. NEAR EAST)","o3","ko<U+009A>ice region",97.4218452951778
"ASIA (EX. NEAR EAST)","o3","nitra region",97.0778947357857
"ASIA (EX. NEAR EAST)","o3","pre<U+009A>ov region",97.3880628725885
"ASIA (EX. NEAR EAST)","o3","trenc<ed>n region",95.7288860460127
"ASIA (EX. NEAR EAST)","o3","trnava region",97.4480405847261
"ASIA (EX. NEAR EAST)","o3","th",78.3117800105927
"ASIA (EX. NEAR EAST)","pm10","andhra pradesh",124.934226480694
"ASIA (EX. NEAR EAST)","pm10","assam",124.365515676852
"ASIA (EX. NEAR EAST)","pm10","bihar",123.794283396293
"ASIA (EX. NEAR EAST)","pm10","delhi",125.590286389582
"ASIA (EX. NEAR EAST)","pm10","gujarat",121.694480778234
"ASIA (EX. NEAR EAST)","pm10","haryana",124.102904476827
"ASIA (EX. NEAR EAST)","pm10","in",120.161188729848
"ASIA (EX. NEAR EAST)","pm10","jharkhand",123.856574542391
"ASIA (EX. NEAR EAST)","pm10","karnataka",121.399049403262
"ASIA (EX. NEAR EAST)","pm10","kerala",123.059940704439
"ASIA (EX. NEAR EAST)","pm10","madhya pradesh",125.857079933205
"ASIA (EX. NEAR EAST)","pm10","maharashtra",124.03236357049
"ASIA (EX. NEAR EAST)","pm10","odisha",127.331171815813
"ASIA (EX. NEAR EAST)","pm10","punjab",125.675021036841
"ASIA (EX. NEAR EAST)","pm10","rajasthan",125.029417290129
"ASIA (EX. NEAR EAST)","pm10","tamil nadu",120.999064822473
"ASIA (EX. NEAR EAST)","pm10","telangana",121.804953339075
"ASIA (EX. NEAR EAST)","pm10","uttar pradesh",126.654221221412
"ASIA (EX. NEAR EAST)","pm10","west bengal",123.138044148504
"ASIA (EX. NEAR EAST)","pm10","<U+009E>ilina region",113.561713423829
"ASIA (EX. NEAR EAST)","pm10","bansk<e1> bystrica region",112.018092678107
"ASIA (EX. NEAR EAST)","pm10","bratislava region",115.546594200752
"ASIA (EX. NEAR EAST)","pm10","ko<U+009A>ice region",112.423604244848
"ASIA (EX. NEAR EAST)","pm10","nitra region",112.079653685456
"ASIA (EX. NEAR EAST)","pm10","pre<U+009A>ov region",112.389821822259
"ASIA (EX. NEAR EAST)","pm10","trenc<ed>n region",110.730644995683
"ASIA (EX. NEAR EAST)","pm10","trnava region",112.449799534397
"ASIA (EX. NEAR EAST)","pm10","th",93.3135389602631
"ASIA (EX. NEAR EAST)","so2","andhra pradesh",101.053415154791
"ASIA (EX. NEAR EAST)","so2","assam",100.484704350949
"ASIA (EX. NEAR EAST)","so2","bihar",99.9134720703896
"ASIA (EX. NEAR EAST)","so2","delhi",101.709475063679
"ASIA (EX. NEAR EAST)","so2","gujarat",97.8136694523307
"ASIA (EX. NEAR EAST)","so2","haryana",100.222093150924
"ASIA (EX. NEAR EAST)","so2","in",96.2803774039452
"ASIA (EX. NEAR EAST)","so2","jharkhand",99.9757632164878
"ASIA (EX. NEAR EAST)","so2","karnataka",97.5182380773584
"ASIA (EX. NEAR EAST)","so2","kerala",99.1791293785354
"ASIA (EX. NEAR EAST)","so2","madhya pradesh",101.976268607302
"ASIA (EX. NEAR EAST)","so2","maharashtra",100.151552244587
"ASIA (EX. NEAR EAST)","so2","odisha",103.45036048991
"ASIA (EX. NEAR EAST)","so2","punjab",101.794209710938
"ASIA (EX. NEAR EAST)","so2","rajasthan",101.148605964225
"ASIA (EX. NEAR EAST)","so2","tamil nadu",97.11825349657
"ASIA (EX. NEAR EAST)","so2","telangana",97.924142013172
"ASIA (EX. NEAR EAST)","so2","uttar pradesh",102.773409895509
"ASIA (EX. NEAR EAST)","so2","west bengal",99.2572328226009
"ASIA (EX. NEAR EAST)","so2","<U+009E>ilina region",89.6809020979257
"ASIA (EX. NEAR EAST)","so2","bansk<e1> bystrica region",88.1372813522033
"ASIA (EX. NEAR EAST)","so2","bratislava region",91.665782874849
"ASIA (EX. NEAR EAST)","so2","ko<U+009A>ice region",88.5427929189451
"ASIA (EX. NEAR EAST)","so2","nitra region",88.198842359553
"ASIA (EX. NEAR EAST)","so2","pre<U+009A>ov region",88.5090104963558
"ASIA (EX. NEAR EAST)","so2","trenc<ed>n region",86.84983366978
"ASIA (EX. NEAR EAST)","so2","trnava region",88.5689882084933
"ASIA (EX. NEAR EAST)","so2","th",69.4327276343599
"OCEANIA","o3","australian capital territory",33.9535942724302
"OCEANIA","o3","new south wales",34.9697983178829
"OCEANIA","o3","queensland",31.882983590217
"OCEANIA","o3","south australia",33.0959243290795
"OCEANIA","o3","victoria",37.4526333928188
"OCEANIA","pm10","australian capital territory",38.7678522863267
"OCEANIA","pm10","new south wales",39.7840563317794
"OCEANIA","pm10","queensland",36.6972416041134
"OCEANIA","pm10","south australia",37.910182342976
"OCEANIA","pm10","victoria",42.2668914067153
"OCEANIA","pm25","australian capital territory",41.7120442174827
"OCEANIA","pm25","new south wales",42.7282482629354
"OCEANIA","pm25","queensland",39.6414335352694
"OCEANIA","pm25","south australia",40.8543742741319
"OCEANIA","pm25","victoria",45.2110833378712
"EASTERN EUROPE","co","ba",206.10524730914
"EASTERN EUROPE","co","<fa>st<ed> nad labem region",195.291332852838
"EASTERN EUROPE","co","central bohemian region",194.445020011347
"EASTERN EUROPE","co","hradec kr<e1>lov<e9> region",200.606348943501
"EASTERN EUROPE","co","moravian-silesian region",198.989677207748
"EASTERN EUROPE","co","plzen region",197.236050001114
"EASTERN EUROPE","co","prague",203.698625369662
"EASTERN EUROPE","co","south bohemian region",198.249250297431
"EASTERN EUROPE","co","south moravian region",198.72163834985
"EASTERN EUROPE","co","vysocina region",197.236022852524
"EASTERN EUROPE","co","osijek-baranja county",207.086176539181
"EASTERN EUROPE","co","primorje-gorski kotar county",207.948998325938
"EASTERN EUROPE","co","sisak-moslavina county",202.53028977088
"EASTERN EUROPE","co","baranya",203.155517392229
"EASTERN EUROPE","co","borsod-aba<fa>j-zempl<e9>n",196.933471324051
"EASTERN EUROPE","co","budapest",210.869007414685
"EASTERN EUROPE","co","csongr<e1>d",201.85860806856
"EASTERN EUROPE","co","fej<e9>r",202.858095765891
"EASTERN EUROPE","co","gyor-moson-sopron",205.472745014591
"EASTERN EUROPE","co","hajd<fa>-bihar",203.300775680612
"EASTERN EUROPE","co","kom<e1>rom-esztergom",198.934961981429
"EASTERN EUROPE","co","pest county",199.211200711399
"EASTERN EUROPE","co","veszpr<e9>m",197.881360670487
"EASTERN EUROPE","co","greater poland voivodeship",193.422458358128
"EASTERN EUROPE","co","kuyavian-pomeranian voivodeship",192.27036115608
"EASTERN EUROPE","co","l<f3>dz voivodeship",191.589180887238
"EASTERN EUROPE","co","lesser poland voivodeship",196.769629366915
"EASTERN EUROPE","co","lower silesian voivodeship",196.98618538045
"EASTERN EUROPE","co","lublin voivodeship",201.824753585453
"EASTERN EUROPE","co","lubusz voivodeship",191.931254924418
"EASTERN EUROPE","co","masovian voivodeship",196.533226761319
"EASTERN EUROPE","co","opole voivodeship",193.954718213193
"EASTERN EUROPE","co","podkarpackie voivodeship",194.589561769153
"EASTERN EUROPE","co","podlaskie voivodeship",193.028067244684
"EASTERN EUROPE","co","pomeranian voivodeship",193.729189447715
"EASTERN EUROPE","co","silesian voivodeship",192.616036948032
"EASTERN EUROPE","co","swietokrzyskie",193.060497153267
"EASTERN EUROPE","co","warmian-masurian voivodeship",191.69778202338
"EASTERN EUROPE","co","west pomeranian voivodeship",192.427087277713
"EASTERN EUROPE","co","rs",220.700086018817
"EASTERN EUROPE","no2","ba",99.0499770677638
"EASTERN EUROPE","no2","<fa>st<ed> nad labem region",88.2360626114616
"EASTERN EUROPE","no2","central bohemian region",87.2241488598616
"EASTERN EUROPE","no2","hradec kr<e1>lov<e9> region",93.3828998553123
"EASTERN EUROPE","no2","karlovy vary region",92.2495237297693
"EASTERN EUROPE","no2","liberec region",91.0478473911092
"EASTERN EUROPE","no2","moravian-silesian region",91.9344069663716
"EASTERN EUROPE","no2","olomouc region",94.731547611896
"EASTERN EUROPE","no2","pardubice region",94.8883038852685
"EASTERN EUROPE","no2","plzen region",90.1807797597378
"EASTERN EUROPE","no2","prague",96.6433551282861
"EASTERN EUROPE","no2","south bohemian region",91.1939800560548
"EASTERN EUROPE","no2","south moravian region",91.6663681084738
"EASTERN EUROPE","no2","vysocina region",90.180752611148
"EASTERN EUROPE","no2","zlin region",93.3576835642422
"EASTERN EUROPE","no2","brod-posavina county",99.3828065190017
"EASTERN EUROPE","no2","city of zagreb",100.173097515681
"EASTERN EUROPE","no2","krapina-zagorje county",96.4067620502306
"EASTERN EUROPE","no2","lika-senj county",93.4921733278
"EASTERN EUROPE","no2","osijek-baranja county",100.030906297805
"EASTERN EUROPE","no2","primorje-gorski kotar county",101.199363863305
"EASTERN EUROPE","no2","split-dalmatia county",101.662891832987
"EASTERN EUROPE","no2","zagreb county",97.1419169803996
"EASTERN EUROPE","no2","baranya",96.1002471508527
"EASTERN EUROPE","no2","borsod-aba<fa>j-zempl<e9>n",89.8782010826748
"EASTERN EUROPE","no2","budapest",103.813737173309
"EASTERN EUROPE","no2","csongr<e1>d",94.8033378271843
"EASTERN EUROPE","no2","fej<e9>r",95.8028255245147
"EASTERN EUROPE","no2","gyor-moson-sopron",98.4174747732149
"EASTERN EUROPE","no2","hajd<fa>-bihar",96.2455054392361
"EASTERN EUROPE","no2","kom<e1>rom-esztergom",91.8796917400534
"EASTERN EUROPE","no2","pest county",92.1559304700233
"EASTERN EUROPE","no2","szabolcs-szatm<e1>r-bereg",88.9185367428034
"EASTERN EUROPE","no2","veszpr<e9>m",90.826090429111
"EASTERN EUROPE","no2","greater poland voivodeship",86.3671881167525
"EASTERN EUROPE","no2","kuyavian-pomeranian voivodeship",85.2150909147037
"EASTERN EUROPE","no2","l<f3>dz voivodeship",84.5339106458623
"EASTERN EUROPE","no2","lesser poland voivodeship",89.7143591255388
"EASTERN EUROPE","no2","lower silesian voivodeship",89.9309151390743
"EASTERN EUROPE","no2","lublin voivodeship",87.6337723738195
"EASTERN EUROPE","no2","lubusz voivodeship",84.8759846830418
"EASTERN EUROPE","no2","masovian voivodeship",89.4779565199427
"EASTERN EUROPE","no2","opole voivodeship",86.8994479718171
"EASTERN EUROPE","no2","podkarpackie voivodeship",87.5342915277771
"EASTERN EUROPE","no2","podlaskie voivodeship",85.972797003308
"EASTERN EUROPE","no2","pomeranian voivodeship",86.6739192063394
"EASTERN EUROPE","no2","silesian voivodeship",85.560766706656
"EASTERN EUROPE","no2","swietokrzyskie",86.0052269118912
"EASTERN EUROPE","no2","warmian-masurian voivodeship",84.642511782004
"EASTERN EUROPE","no2","west pomeranian voivodeship",85.371817036337
"EASTERN EUROPE","no2","rs",113.644815777441
"EASTERN EUROPE","o3","ba",63.4958789951911
"EASTERN EUROPE","o3","<fa>st<ed> nad labem region",52.681964538889
"EASTERN EUROPE","o3","central bohemian region",51.6700507872889
"EASTERN EUROPE","o3","hradec kr<e1>lov<e9> region",57.5921109150203
"EASTERN EUROPE","o3","karlovy vary region",56.6954256571966
"EASTERN EUROPE","o3","liberec region",55.4937493185366
"EASTERN EUROPE","o3","moravian-silesian region",56.3803088937989
"EASTERN EUROPE","o3","olomouc region",59.1774495393234
"EASTERN EUROPE","o3","pardubice region",59.3342058126958
"EASTERN EUROPE","o3","plzen region",54.6266816871651
"EASTERN EUROPE","o3","prague",61.0892570557134
"EASTERN EUROPE","o3","south bohemian region",55.6398819834821
"EASTERN EUROPE","o3","south moravian region",56.1122700359012
"EASTERN EUROPE","o3","vysocina region",54.6266545385753
"EASTERN EUROPE","o3","zlin region",57.8035854916695
"EASTERN EUROPE","o3","city of zagreb",64.6189994431086
"EASTERN EUROPE","o3","krapina-zagorje county",60.5518458621217
"EASTERN EUROPE","o3","lika-senj county",57.9380752552273
"EASTERN EUROPE","o3","osijek-baranja county",64.4768082252321
"EASTERN EUROPE","o3","primorje-gorski kotar county",65.3396300119899
"EASTERN EUROPE","o3","split-dalmatia county",66.4340401161769
"EASTERN EUROPE","o3","zagreb county",64.1674907516357
"EASTERN EUROPE","o3","baranya",60.54614907828
"EASTERN EUROPE","o3","borsod-aba<fa>j-zempl<e9>n",54.3241030101022
"EASTERN EUROPE","o3","budapest",68.2596391007368
"EASTERN EUROPE","o3","fej<e9>r",60.2487274519421
"EASTERN EUROPE","o3","gyor-moson-sopron",62.8633767006423
"EASTERN EUROPE","o3","hajd<fa>-bihar",60.6914073666634
"EASTERN EUROPE","o3","kom<e1>rom-esztergom",56.3255936674808
"EASTERN EUROPE","o3","pest county",56.6018323974507
"EASTERN EUROPE","o3","veszpr<e9>m",55.2719923565384
"EASTERN EUROPE","o3","greater poland voivodeship",50.8130900441799
"EASTERN EUROPE","o3","kuyavian-pomeranian voivodeship",49.660992842131
"EASTERN EUROPE","o3","l<f3>dz voivodeship",48.9798125732896
"EASTERN EUROPE","o3","lesser poland voivodeship",54.1602610529661
"EASTERN EUROPE","o3","lower silesian voivodeship",54.3768170665017
"EASTERN EUROPE","o3","lublin voivodeship",52.0796743012468
"EASTERN EUROPE","o3","lubusz voivodeship",49.3218866104691
"EASTERN EUROPE","o3","masovian voivodeship",53.92385844737
"EASTERN EUROPE","o3","opole voivodeship",51.3453498992445
"EASTERN EUROPE","o3","podkarpackie voivodeship",51.9801934552044
"EASTERN EUROPE","o3","podlaskie voivodeship",50.4186989307354
"EASTERN EUROPE","o3","pomeranian voivodeship",51.1198211337667
"EASTERN EUROPE","o3","silesian voivodeship",50.0066686340833
"EASTERN EUROPE","o3","swietokrzyskie",50.4511288393186
"EASTERN EUROPE","o3","warmian-masurian voivodeship",49.0884137094313
"EASTERN EUROPE","o3","west pomeranian voivodeship",49.8177189637643
"EASTERN EUROPE","o3","rs",78.0907177048685
"EASTERN EUROPE","pm25","ba",78.6111949958366
"EASTERN EUROPE","pm25","<fa>st<ed> nad labem region",67.7972805395344
"EASTERN EUROPE","pm25","central bohemian region",66.7853667879344
"EASTERN EUROPE","pm25","hradec kr<e1>lov<e9> region",72.7074269156657
"EASTERN EUROPE","pm25","karlovy vary region",71.8107416578421
"EASTERN EUROPE","pm25","liberec region",70.609065319182
"EASTERN EUROPE","pm25","moravian-silesian region",71.4956248944444
"EASTERN EUROPE","pm25","olomouc region",74.2927655399689
"EASTERN EUROPE","pm25","pardubice region",74.4495218133413
"EASTERN EUROPE","pm25","plzen region",69.7419976878106
"EASTERN EUROPE","pm25","prague",76.2045730563589
"EASTERN EUROPE","pm25","south bohemian region",70.7551979841276
"EASTERN EUROPE","pm25","south moravian region",71.2275860365466
"EASTERN EUROPE","pm25","vysocina region",69.7419705392208
"EASTERN EUROPE","pm25","zlin region",72.918901492315
"EASTERN EUROPE","pm25","brod-posavina county",78.9067268659565
"EASTERN EUROPE","pm25","istria county",80.3038007603991
"EASTERN EUROPE","pm25","krapina-zagorje county",76.1217091135527
"EASTERN EUROPE","pm25","osijek-baranja county",79.910336901373
"EASTERN EUROPE","pm25","csongr<e1>d",74.3645557552571
"EASTERN EUROPE","pm25","greater poland voivodeship",65.9284060448253
"EASTERN EUROPE","pm25","kuyavian-pomeranian voivodeship",64.7763088427765
"EASTERN EUROPE","pm25","l<f3>dz voivodeship",64.0951285739351
"EASTERN EUROPE","pm25","lesser poland voivodeship",69.2755770536116
"EASTERN EUROPE","pm25","lower silesian voivodeship",69.4921330671471
"EASTERN EUROPE","pm25","lublin voivodeship",67.1949903018923
"EASTERN EUROPE","pm25","lubusz voivodeship",64.4372026111146
"EASTERN EUROPE","pm25","masovian voivodeship",69.0391744480155
"EASTERN EUROPE","pm25","opole voivodeship",66.4606658998899
"EASTERN EUROPE","pm25","podkarpackie voivodeship",67.0955094558499
"EASTERN EUROPE","pm25","podlaskie voivodeship",65.5340149313809
"EASTERN EUROPE","pm25","pomeranian voivodeship",66.2351371344122
"EASTERN EUROPE","pm25","silesian voivodeship",65.1219846347288
"EASTERN EUROPE","pm25","swietokrzyskie",65.566444839964
"EASTERN EUROPE","pm25","warmian-masurian voivodeship",64.2037297100768
"EASTERN EUROPE","pm25","west pomeranian voivodeship",64.9330349644098
"EASTERN EUROPE","pm25","rs",93.206033705514
"EASTERN EUROPE","so2","ba",80.4000829906259
"EASTERN EUROPE","so2","<fa>st<ed> nad labem region",69.5861685343237
"EASTERN EUROPE","so2","central bohemian region",68.5498352472367
"EASTERN EUROPE","so2","karlovy vary region",73.7012566150781
"EASTERN EUROPE","so2","liberec region",72.3979533139713
"EASTERN EUROPE","so2","moravian-silesian region",73.2845128892337
"EASTERN EUROPE","so2","olomouc region",76.056926838256
"EASTERN EUROPE","so2","pardubice region",76.2384098081306
"EASTERN EUROPE","so2","plzen region",71.5308856825999
"EASTERN EUROPE","so2","prague",77.6984678469493
"EASTERN EUROPE","so2","south bohemian region",72.5440859789169
"EASTERN EUROPE","so2","south moravian region",72.9150834394999
"EASTERN EUROPE","so2","vysocina region",71.5308585340101
"EASTERN EUROPE","so2","zlin region",74.7077894871043
"EASTERN EUROPE","so2","brod-posavina county",80.7329124418638
"EASTERN EUROPE","so2","city of zagreb",81.5232034385434
"EASTERN EUROPE","so2","krapina-zagorje county",77.7568679730928
"EASTERN EUROPE","so2","lika-senj county",77.1216972284216
"EASTERN EUROPE","so2","osijek-baranja county",81.3810122206669
"EASTERN EUROPE","so2","primorje-gorski kotar county",82.2438340074247
"EASTERN EUROPE","so2","split-dalmatia county",83.0129977558495
"EASTERN EUROPE","so2","baranya",77.4503530737148
"EASTERN EUROPE","so2","borsod-aba<fa>j-zempl<e9>n",71.2283070055369
"EASTERN EUROPE","so2","budapest",85.1638430961716
"EASTERN EUROPE","so2","csongr<e1>d",76.1534437500464
"EASTERN EUROPE","so2","fej<e9>r",77.1529314473768
"EASTERN EUROPE","so2","gyor-moson-sopron",79.767580696077
"EASTERN EUROPE","so2","hajd<fa>-bihar",77.5956113620982
"EASTERN EUROPE","so2","kom<e1>rom-esztergom",73.2297976629156
"EASTERN EUROPE","so2","pest county",73.5060363928855
"EASTERN EUROPE","so2","szabolcs-szatm<e1>r-bereg",70.2686426656655
"EASTERN EUROPE","so2","veszpr<e9>m",72.1761963519732
"EASTERN EUROPE","so2","greater poland voivodeship",67.7172940396146
"EASTERN EUROPE","so2","kuyavian-pomeranian voivodeship",66.5651968375658
"EASTERN EUROPE","so2","l<f3>dz voivodeship",65.8840165687244
"EASTERN EUROPE","so2","lesser poland voivodeship",71.0644650484009
"EASTERN EUROPE","so2","lower silesian voivodeship",71.2810210619365
"EASTERN EUROPE","so2","lublin voivodeship",68.9838782966816
"EASTERN EUROPE","so2","lubusz voivodeship",66.2260906059039
"EASTERN EUROPE","so2","masovian voivodeship",70.8280624428048
"EASTERN EUROPE","so2","opole voivodeship",68.2495538946793
"EASTERN EUROPE","so2","podkarpackie voivodeship",68.8843974506392
"EASTERN EUROPE","so2","podlaskie voivodeship",67.3229029261702
"EASTERN EUROPE","so2","pomeranian voivodeship",68.0240251292015
"EASTERN EUROPE","so2","silesian voivodeship",66.9108726295181
"EASTERN EUROPE","so2","swietokrzyskie",67.3553328347534
"EASTERN EUROPE","so2","warmian-masurian voivodeship",65.9926177048661
"EASTERN EUROPE","so2","west pomeranian voivodeship",66.7219229591991
"EASTERN EUROPE","so2","rs",94.9949217003033
"EASTERN EUROPE","pm10","<fa>st<ed> nad labem region",65.4404861989133
"EASTERN EUROPE","pm10","central bohemian region",64.4285724473132
"EASTERN EUROPE","pm10","hradec kr<e1>lov<e9> region",70.3506325750446
"EASTERN EUROPE","pm10","karlovy vary region",69.4539473172209
"EASTERN EUROPE","pm10","liberec region",68.2522709785609
"EASTERN EUROPE","pm10","moravian-silesian region",69.1388305538233
"EASTERN EUROPE","pm10","olomouc region",71.9359711993477
"EASTERN EUROPE","pm10","pardubice region",72.0927274727202
"EASTERN EUROPE","pm10","plzen region",67.3852033471894
"EASTERN EUROPE","pm10","prague",73.8477787157377
"EASTERN EUROPE","pm10","south bohemian region",68.3984036435064
"EASTERN EUROPE","pm10","south moravian region",68.8707916959255
"EASTERN EUROPE","pm10","vysocina region",67.3851761985997
"EASTERN EUROPE","pm10","zlin region",70.5621071516938
"EASTERN EUROPE","pm10","istria county",77.9470064197779
"EASTERN EUROPE","pm10","krapina-zagorje county",73.7649147729315
"EASTERN EUROPE","pm10","lika-senj county",70.6965969152516
"EASTERN EUROPE","pm10","osijek-baranja county",77.2353298852564
"EASTERN EUROPE","pm10","baranya",73.3046707383044
"EASTERN EUROPE","pm10","borsod-aba<fa>j-zempl<e9>n",67.0826246701265
"EASTERN EUROPE","pm10","budapest",81.0181607607611
"EASTERN EUROPE","pm10","csongr<e1>d",72.0077614146359
"EASTERN EUROPE","pm10","fej<e9>r",73.0072491119664
"EASTERN EUROPE","pm10","gyor-moson-sopron",75.6218983606666
"EASTERN EUROPE","pm10","hajd<fa>-bihar",73.4499290266877
"EASTERN EUROPE","pm10","kom<e1>rom-esztergom",69.0841153275051
"EASTERN EUROPE","pm10","pest county",69.360354057475
"EASTERN EUROPE","pm10","szabolcs-szatm<e1>r-bereg",66.122960330255
"EASTERN EUROPE","pm10","veszpr<e9>m",68.0305140165627
"EASTERN EUROPE","pm10","greater poland voivodeship",63.5716117042042
"EASTERN EUROPE","pm10","kuyavian-pomeranian voivodeship",62.4195145021553
"EASTERN EUROPE","pm10","l<f3>dz voivodeship",61.7383342333139
"EASTERN EUROPE","pm10","lesser poland voivodeship",66.9187827129904
"EASTERN EUROPE","pm10","lower silesian voivodeship",67.135338726526
"EASTERN EUROPE","pm10","lublin voivodeship",64.8381959612711
"EASTERN EUROPE","pm10","lubusz voivodeship",62.0804082704934
"EASTERN EUROPE","pm10","masovian voivodeship",66.6823801073943
"EASTERN EUROPE","pm10","opole voivodeship",64.1038715592688
"EASTERN EUROPE","pm10","podkarpackie voivodeship",64.7387151152287
"EASTERN EUROPE","pm10","podlaskie voivodeship",63.1772205907597
"EASTERN EUROPE","pm10","pomeranian voivodeship",63.878342793791
"EASTERN EUROPE","pm10","silesian voivodeship",62.7651902941077
"EASTERN EUROPE","pm10","swietokrzyskie",63.2096504993429
"EASTERN EUROPE","pm10","warmian-masurian voivodeship",61.8469353694556
"EASTERN EUROPE","pm10","west pomeranian voivodeship",62.5762406237886
"EASTERN EUROPE","pm10","rs",90.8492393648928
"EASTERN EUROPE","pm10","administrative unit maribor",92.7607201663028
"EASTERN EUROPE","pm10","celje",85.0136785586684
"EASTERN EUROPE","pm10","koper",86.9581719931233
"EASTERN EUROPE","pm10","ljubljana",91.7973036517756
"EASTERN EUROPE","pm10","nova gorica",86.4486853272975
"EASTERN EUROPE","pm10","trbovlje",78.4084844067091
"EASTERN EUROPE","pm10","zagorje ob savi",82.7265540481798
"NORTHERN AMERICA","co","alberta",219.178241946588
"NORTHERN AMERICA","co","british columbia",219.612554824998
"NORTHERN AMERICA","co","quebec",223.340906486203
"NORTHERN AMERICA","co","alaska",206.170067487229
"NORTHERN AMERICA","co","arizona",197.931902344764
"NORTHERN AMERICA","co","california",208.58768808669
"NORTHERN AMERICA","co","colorado",207.228796325766
"NORTHERN AMERICA","co","connecticut",208.49639702373
"NORTHERN AMERICA","co","district of columbia",216.476054874458
"NORTHERN AMERICA","co","florida",204.03897984657
"NORTHERN AMERICA","co","georgia",198.771249034946
"NORTHERN AMERICA","co","hawaii",215.964350935521
"NORTHERN AMERICA","co","idaho",197.586573716324
"NORTHERN AMERICA","co","illinois",200.287298718052
"NORTHERN AMERICA","co","indiana",199.759061330287
"NORTHERN AMERICA","co","iowa",198.949424085005
"NORTHERN AMERICA","co","kentucky",197.730109760715
"NORTHERN AMERICA","co","maine",205.073982963563
"NORTHERN AMERICA","co","maryland",207.824240329993
"NORTHERN AMERICA","co","massachusetts",209.626083231328
"NORTHERN AMERICA","co","michigan",208.283713664949
"NORTHERN AMERICA","co","minnesota",205.685360484634
"NORTHERN AMERICA","co","mississippi",195.929756385334
"NORTHERN AMERICA","co","missouri",196.841599478732
"NORTHERN AMERICA","co","montana",202.481039964728
"NORTHERN AMERICA","co","nebraska",198.146362748208
"NORTHERN AMERICA","co","nevada",199.303814779179
"NORTHERN AMERICA","co","new hampshire",205.404018495955
"NORTHERN AMERICA","co","new jersey",212.282544711619
"NORTHERN AMERICA","co","new mexico",198.041385528931
"NORTHERN AMERICA","co","north carolina",197.006952597117
"NORTHERN AMERICA","co","ohio",200.349928561384
"NORTHERN AMERICA","co","oklahoma",194.714990330301
"NORTHERN AMERICA","co","pennsylvania",206.75448674994
"NORTHERN AMERICA","co","rhode island",208.702860488873
"NORTHERN AMERICA","co","tennessee",195.578286522744
"NORTHERN AMERICA","co","utah",197.684575017594
"NORTHERN AMERICA","co","vermont",211.911077651968
"NORTHERN AMERICA","co","virginia",200.352191761923
"NORTHERN AMERICA","co","wisconsin",202.760018719105
"NORTHERN AMERICA","co","wyoming",196.83878742822
"NORTHERN AMERICA","no2","alberta",74.6371073824795
"NORTHERN AMERICA","no2","british columbia",75.071420260889
"NORTHERN AMERICA","no2","new brunswick",73.5126473051552
"NORTHERN AMERICA","no2","nova scotia",75.5407391386476
"NORTHERN AMERICA","no2","prince edward island",75.2317879007423
"NORTHERN AMERICA","no2","quebec",78.7997719220937
"NORTHERN AMERICA","no2","arizona",53.3907677806548
"NORTHERN AMERICA","no2","california",64.0465535225811
"NORTHERN AMERICA","no2","colorado",62.6876617616569
"NORTHERN AMERICA","no2","connecticut",63.9552624596212
"NORTHERN AMERICA","no2","district of columbia",71.9349203103485
"NORTHERN AMERICA","no2","florida",59.4978452824612
"NORTHERN AMERICA","no2","georgia",54.2301144708375
"NORTHERN AMERICA","no2","hawaii",71.4232163714122
"NORTHERN AMERICA","no2","idaho",53.0454391522152
"NORTHERN AMERICA","no2","indiana",55.2179267661775
"NORTHERN AMERICA","no2","iowa",54.4082895208956
"NORTHERN AMERICA","no2","kansas",54.5985313111334
"NORTHERN AMERICA","no2","kentucky",53.188975196606
"NORTHERN AMERICA","no2","maine",60.5328483994541
"NORTHERN AMERICA","no2","maryland",63.2831057658842
"NORTHERN AMERICA","no2","massachusetts",65.0849486672195
"NORTHERN AMERICA","no2","michigan",63.7425791008398
"NORTHERN AMERICA","no2","minnesota",61.1442259205248
"NORTHERN AMERICA","no2","missouri",52.3004649146232
"NORTHERN AMERICA","no2","montana",57.9451508664361
"NORTHERN AMERICA","no2","nevada",54.76268021507
"NORTHERN AMERICA","no2","new jersey",67.7414101475105
"NORTHERN AMERICA","no2","new mexico",53.5002509648218
"NORTHERN AMERICA","no2","north carolina",52.4658180330083
"NORTHERN AMERICA","no2","north dakota",57.6723312438036
"NORTHERN AMERICA","no2","ohio",55.808793997275
"NORTHERN AMERICA","no2","oklahoma",50.1738557661915
"NORTHERN AMERICA","no2","oregon",55.0230570140313
"NORTHERN AMERICA","no2","pennsylvania",62.2133521858313
"NORTHERN AMERICA","no2","rhode island",63.9757184120886
"NORTHERN AMERICA","no2","south carolina",51.7366021395299
"NORTHERN AMERICA","no2","utah",53.1434404534848
"NORTHERN AMERICA","no2","vermont",67.3699430878586
"NORTHERN AMERICA","no2","virginia",55.8110571978137
"NORTHERN AMERICA","no2","washington",58.4732027021211
"NORTHERN AMERICA","no2","wisconsin",58.2188841549961
"NORTHERN AMERICA","no2","wyoming",52.2976528641109
"NORTHERN AMERICA","o3","alberta",79.3599325433044
"NORTHERN AMERICA","o3","british columbia",79.7942454217139
"NORTHERN AMERICA","o3","new brunswick",78.2354724659801
"NORTHERN AMERICA","o3","newfoundland and labrador",78.0323557218583
"NORTHERN AMERICA","o3","northwest territories",78.1743713833452
"NORTHERN AMERICA","o3","nova scotia",80.2635642994725
"NORTHERN AMERICA","o3","ontario",82.0279956657868
"NORTHERN AMERICA","o3","prince edward island",79.9778855878658
"NORTHERN AMERICA","o3","quebec",83.5225970829187
"NORTHERN AMERICA","o3","saskatchewan",77.1298674366482
"NORTHERN AMERICA","o3","alabama",57.1368841232026
"NORTHERN AMERICA","o3","alaska",66.3517580839451
"NORTHERN AMERICA","o3","arizona",58.1135929414797
"NORTHERN AMERICA","o3","arkansas",54.4099648526838
"NORTHERN AMERICA","o3","california",68.769378683406
"NORTHERN AMERICA","o3","colorado",67.4104869224819
"NORTHERN AMERICA","o3","connecticut",68.6780876204462
"NORTHERN AMERICA","o3","delaware",68.3335116597586
"NORTHERN AMERICA","o3","district of columbia",76.6577454711735
"NORTHERN AMERICA","o3","florida",64.2206704432861
"NORTHERN AMERICA","o3","georgia",58.9529396316624
"NORTHERN AMERICA","o3","hawaii",76.1460415322371
"NORTHERN AMERICA","o3","idaho",57.7682643130402
"NORTHERN AMERICA","o3","illinois",60.4689893147677
"NORTHERN AMERICA","o3","indiana",59.9407519270025
"NORTHERN AMERICA","o3","iowa",59.1311146817206
"NORTHERN AMERICA","o3","kansas",59.3213564719583
"NORTHERN AMERICA","o3","kentucky",57.9118003574309
"NORTHERN AMERICA","o3","louisiana",62.0360857574128
"NORTHERN AMERICA","o3","maine",65.2556735602791
"NORTHERN AMERICA","o3","maryland",68.0059309267091
"NORTHERN AMERICA","o3","massachusetts",69.8077738280445
"NORTHERN AMERICA","o3","michigan",68.4654042616647
"NORTHERN AMERICA","o3","minnesota",65.8670510813497
"NORTHERN AMERICA","o3","mississippi",56.1114469820496
"NORTHERN AMERICA","o3","missouri",57.0232900754482
"NORTHERN AMERICA","o3","montana",62.5164488643194
"NORTHERN AMERICA","o3","nebraska",58.3280533449241
"NORTHERN AMERICA","o3","nevada",59.485505375895
"NORTHERN AMERICA","o3","new hampshire",65.5857090926713
"NORTHERN AMERICA","o3","new jersey",72.4642353083354
"NORTHERN AMERICA","o3","new mexico",58.2230761256468
"NORTHERN AMERICA","o3","new york",67.9006722258005
"NORTHERN AMERICA","o3","north carolina",57.1886431938332
"NORTHERN AMERICA","o3","north dakota",62.3951564046286
"NORTHERN AMERICA","o3","ohio",60.5316191581
"NORTHERN AMERICA","o3","oklahoma",54.8966809270165
"NORTHERN AMERICA","o3","oregon",59.7458821748562
"NORTHERN AMERICA","o3","pennsylvania",66.9361773466562
"NORTHERN AMERICA","o3","rhode island",68.6985435729136
"NORTHERN AMERICA","o3","south carolina",56.4594273003549
"NORTHERN AMERICA","o3","south dakota",59.6620760209486
"NORTHERN AMERICA","o3","tennessee",55.7029256364939
"NORTHERN AMERICA","o3","texas",58.2823722894515
"NORTHERN AMERICA","o3","utah",57.8662656143098
"NORTHERN AMERICA","o3","vermont",72.0927682486836
"NORTHERN AMERICA","o3","virginia",60.5338823586387
"NORTHERN AMERICA","o3","washington",63.196027862946
"NORTHERN AMERICA","o3","west virginia",58.6184569278973
"NORTHERN AMERICA","o3","wisconsin",62.9417093158211
"NORTHERN AMERICA","o3","wyoming",57.0204780249358
"NORTHERN AMERICA","pm10","british columbia",73.4936757665515
"NORTHERN AMERICA","pm10","alabama",50.8363144680401
"NORTHERN AMERICA","pm10","alaska",60.0511884287827
"NORTHERN AMERICA","pm10","arizona",51.8130232863173
"NORTHERN AMERICA","pm10","california",62.4688090282436
"NORTHERN AMERICA","pm10","colorado",61.1099172673194
"NORTHERN AMERICA","pm10","connecticut",62.3775179652838
"NORTHERN AMERICA","pm10","district of columbia",70.3571758160111
"NORTHERN AMERICA","pm10","florida",57.9201007881237
"NORTHERN AMERICA","pm10","georgia",52.6523699765
"NORTHERN AMERICA","pm10","hawaii",69.8454718770747
"NORTHERN AMERICA","pm10","idaho",51.4676946578778
"NORTHERN AMERICA","pm10","indiana",53.6401822718401
"NORTHERN AMERICA","pm10","kansas",53.0207868167959
"NORTHERN AMERICA","pm10","kentucky",51.6112307022685
"NORTHERN AMERICA","pm10","michigan",62.1648346065023
"NORTHERN AMERICA","pm10","minnesota",59.5664814261873
"NORTHERN AMERICA","pm10","missouri",50.7227204202858
"NORTHERN AMERICA","pm10","montana",56.215879209157
"NORTHERN AMERICA","pm10","nevada",53.1849357207325
"NORTHERN AMERICA","pm10","new hampshire",59.2851394375089
"NORTHERN AMERICA","pm10","new mexico",51.9225064704844
"NORTHERN AMERICA","pm10","new york",61.6001025706381
"NORTHERN AMERICA","pm10","north carolina",50.8880735386708
"NORTHERN AMERICA","pm10","north dakota",56.0945867494661
"NORTHERN AMERICA","pm10","ohio",54.2310495029376
"NORTHERN AMERICA","pm10","oklahoma",48.5961112718541
"NORTHERN AMERICA","pm10","oregon",53.4453125196938
"NORTHERN AMERICA","pm10","pennsylvania",60.6356076914938
"NORTHERN AMERICA","pm10","south carolina",50.1588576451925
"NORTHERN AMERICA","pm10","south dakota",53.3615063657862
"NORTHERN AMERICA","pm10","texas",51.9818026342891
"NORTHERN AMERICA","pm10","us",56.2628974916177
"NORTHERN AMERICA","pm10","washington",56.8954582077836
"NORTHERN AMERICA","pm10","wisconsin",56.6411396606587
"NORTHERN AMERICA","pm10","wyoming",50.7199083697734
"NORTHERN AMERICA","pm25","alberta",82.8615294210461
"NORTHERN AMERICA","pm25","british columbia",83.2958422994556
"NORTHERN AMERICA","pm25","new brunswick",81.7370693437218
"NORTHERN AMERICA","pm25","newfoundland and labrador",81.5339525996001
"NORTHERN AMERICA","pm25","nova scotia",83.7651611772142
"NORTHERN AMERICA","pm25","ontario",85.5295925435285
"NORTHERN AMERICA","pm25","prince edward island",83.4794824656075
"NORTHERN AMERICA","pm25","quebec",87.0241939606604
"NORTHERN AMERICA","pm25","saskatchewan",80.6314643143899
"NORTHERN AMERICA","pm25","alabama",60.6384810009443
"NORTHERN AMERICA","pm25","alaska",69.8533549616868
"NORTHERN AMERICA","pm25","arizona",61.6151898192214
"NORTHERN AMERICA","pm25","arkansas",57.9115617304255
"NORTHERN AMERICA","pm25","california",72.2709755611478
"NORTHERN AMERICA","pm25","colorado",70.9120838002236
"NORTHERN AMERICA","pm25","connecticut",72.1796844981879
"NORTHERN AMERICA","pm25","delaware",71.8351085375003
"NORTHERN AMERICA","pm25","district of columbia",80.1593423489152
"NORTHERN AMERICA","pm25","florida",67.7222673210279
"NORTHERN AMERICA","pm25","georgia",62.4545365094041
"NORTHERN AMERICA","pm25","hawaii",79.6476384099788
"NORTHERN AMERICA","pm25","idaho",61.2698611907819
"NORTHERN AMERICA","pm25","illinois",63.9705861925094
"NORTHERN AMERICA","pm25","indiana",63.4423488047442
"NORTHERN AMERICA","pm25","iowa",62.6327115594623
"NORTHERN AMERICA","pm25","kansas",62.8229533497
"NORTHERN AMERICA","pm25","kentucky",61.4133972351726
"NORTHERN AMERICA","pm25","louisiana",65.5376826351545
"NORTHERN AMERICA","pm25","maine",68.7572704380208
"NORTHERN AMERICA","pm25","maryland",71.5075278044508
"NORTHERN AMERICA","pm25","massachusetts",73.3093707057862
"NORTHERN AMERICA","pm25","michigan",71.9670011394064
"NORTHERN AMERICA","pm25","minnesota",69.3686479590914
"NORTHERN AMERICA","pm25","mississippi",59.6130438597913
"NORTHERN AMERICA","pm25","missouri",60.5248869531899
"NORTHERN AMERICA","pm25","montana",66.0180457420611
"NORTHERN AMERICA","pm25","nebraska",61.8296502226658
"NORTHERN AMERICA","pm25","nevada",62.9871022536367
"NORTHERN AMERICA","pm25","new hampshire",69.0873059704131
"NORTHERN AMERICA","pm25","new jersey",75.9658321860772
"NORTHERN AMERICA","pm25","new mexico",61.7246730033885
"NORTHERN AMERICA","pm25","new york",71.4022691035422
"NORTHERN AMERICA","pm25","north carolina",60.6902400715749
"NORTHERN AMERICA","pm25","north dakota",65.8967532823703
"NORTHERN AMERICA","pm25","ohio",64.0332160358417
"NORTHERN AMERICA","pm25","oklahoma",58.3982778047582
"NORTHERN AMERICA","pm25","oregon",63.2474790525979
"NORTHERN AMERICA","pm25","pennsylvania",70.4377742243979
"NORTHERN AMERICA","pm25","rhode island",72.2001404506553
"NORTHERN AMERICA","pm25","south carolina",59.9610241780966
"NORTHERN AMERICA","pm25","south dakota",63.1636728986903
"NORTHERN AMERICA","pm25","tennessee",59.2045225142356
"NORTHERN AMERICA","pm25","texas",61.7839691671932
"NORTHERN AMERICA","pm25","us",66.0650640245218
"NORTHERN AMERICA","pm25","utah",61.3678624920515
"NORTHERN AMERICA","pm25","vermont",75.5943651264253
"NORTHERN AMERICA","pm25","virginia",64.0354792363804
"NORTHERN AMERICA","pm25","washington",66.6976247406877
"NORTHERN AMERICA","pm25","wisconsin",66.4433061935628
"NORTHERN AMERICA","pm25","wyoming",60.5220749026775
"NORTHERN AMERICA","so2","alberta",78.749929415561
"NORTHERN AMERICA","so2","british columbia",79.1842422939705
"NORTHERN AMERICA","so2","nova scotia",78.2826460333562
"NORTHERN AMERICA","so2","alaska",66.2388195753483
"NORTHERN AMERICA","so2","arizona",57.5035898137363
"NORTHERN AMERICA","so2","california",68.1593755556627
"NORTHERN AMERICA","so2","delaware",67.1858027146112
"NORTHERN AMERICA","so2","district of columbia",76.0969575240388
"NORTHERN AMERICA","so2","florida",63.6106673155428
"NORTHERN AMERICA","so2","georgia",58.342936503919
"NORTHERN AMERICA","so2","hawaii",75.5360384044937
"NORTHERN AMERICA","so2","idaho",57.1582611852968
"NORTHERN AMERICA","so2","illinois",59.9239764698156
"NORTHERN AMERICA","so2","indiana",59.3307487992591
"NORTHERN AMERICA","so2","iowa",58.4498982738774
"NORTHERN AMERICA","so2","kansas",58.7113533442149
"NORTHERN AMERICA","so2","kentucky",57.3017972296875
"NORTHERN AMERICA","so2","maryland",67.3959277989657
"NORTHERN AMERICA","so2","massachusetts",69.1977707003011
"NORTHERN AMERICA","so2","michigan",67.8554011339213
"NORTHERN AMERICA","so2","minnesota",65.2570479536063
"NORTHERN AMERICA","so2","missouri",56.4132869477048
"NORTHERN AMERICA","so2","nevada",58.1925085253403
"NORTHERN AMERICA","so2","new hampshire",64.975705964928
"NORTHERN AMERICA","so2","new mexico",57.6130729979034
"NORTHERN AMERICA","so2","north carolina",56.5786400660898
"NORTHERN AMERICA","so2","ohio",59.9216160303566
"NORTHERN AMERICA","so2","oklahoma",54.1372117103539
"NORTHERN AMERICA","so2","pennsylvania",66.3261742189128
"NORTHERN AMERICA","so2","south carolina",55.5075018498256
"NORTHERN AMERICA","so2","tennessee",55.0929225087506
"NORTHERN AMERICA","so2","utah",57.2562624865664
"NORTHERN AMERICA","so2","virginia",59.9238792308953
"NORTHERN AMERICA","so2","west virginia",58.008453800154
"NORTHERN AMERICA","so2","wisconsin",62.3078614554427
"NORTHERN AMERICA","so2","wyoming",56.4104748971924
"LATIN AMER. & CARIB","co","antofagasta",140.369695476277
"LATIN AMER. & CARIB","co","araucania",145.955116722296
"LATIN AMER. & CARIB","co","bio bio",140.103198733301
"LATIN AMER. & CARIB","co","cl",142.246815766774
"LATIN AMER. & CARIB","co","los r<ed>os",142.361439737306
"LATIN AMER. & CARIB","co","santiago metropolitan region",142.355724776128
"LATIN AMER. & CARIB","co","valpara<ed>so",140.789423100074
"LATIN AMER. & CARIB","co","antioquia",162.719311784244
"LATIN AMER. & CARIB","no2","antofagasta",55.2762181239176
"LATIN AMER. & CARIB","no2","atacama",57.288052149258
"LATIN AMER. & CARIB","no2","bio bio",55.1944983187987
"LATIN AMER. & CARIB","no2","cl",57.338115352272
"LATIN AMER. & CARIB","no2","santiago metropolitan region",57.4470243616263
"LATIN AMER. & CARIB","no2","valpara<ed>so",55.8807226855723
"LATIN AMER. & CARIB","no2","antioquia",78.5712758987713
"LATIN AMER. & CARIB","o3","antofagasta",49.1289563802404
"LATIN AMER. & CARIB","o3","atacama",50.9560134677233
"LATIN AMER. & CARIB","o3","ays<e9>n",53.3629421486336
"LATIN AMER. & CARIB","o3","bio bio",48.862459637264
"LATIN AMER. & CARIB","o3","cl",51.0060766707373
"LATIN AMER. & CARIB","o3","santiago metropolitan region",51.1149856800916
"LATIN AMER. & CARIB","o3","valpara<ed>so",49.5486840040375
"LATIN AMER. & CARIB","o3","antioquia",72.2392372172366
"LATIN AMER. & CARIB","pm10","<f1>uble",56.3402424890178
"LATIN AMER. & CARIB","pm10","antofagasta",51.0359335946607
"LATIN AMER. & CARIB","pm10","araucania",56.6213548406796
"LATIN AMER. & CARIB","pm10","atacama",52.8629906821436
"LATIN AMER. & CARIB","pm10","ays<e9>n",55.2699193630539
"LATIN AMER. & CARIB","pm10","bio bio",50.7694368516843
"LATIN AMER. & CARIB","pm10","cl",52.9130538851576
"LATIN AMER. & CARIB","pm10","coquimbo",52.7220686416512
"LATIN AMER. & CARIB","pm10","los lagos",52.2668469809258
"LATIN AMER. & CARIB","pm10","los r<ed>os",53.0276778556891
"LATIN AMER. & CARIB","pm10","maule",51.9300210341224
"LATIN AMER. & CARIB","pm10","santiago metropolitan region",53.0219628945119
"LATIN AMER. & CARIB","pm10","valpara<ed>so",51.4556612184579
"LATIN AMER. & CARIB","pm10","antioquia",74.146214431657
"LATIN AMER. & CARIB","pm25","<f1>uble",69.687480728555
"LATIN AMER. & CARIB","pm25","antofagasta",64.383171834198
"LATIN AMER. & CARIB","pm25","araucania",69.9685930802169
"LATIN AMER. & CARIB","pm25","atacama",66.2102289216809
"LATIN AMER. & CARIB","pm25","ays<e9>n",68.6171576025912
"LATIN AMER. & CARIB","pm25","bio bio",64.1166750912216
"LATIN AMER. & CARIB","pm25","cl",66.2602921246949
"LATIN AMER. & CARIB","pm25","coquimbo",66.0693068811884
"LATIN AMER. & CARIB","pm25","los lagos",65.6140852204631
"LATIN AMER. & CARIB","pm25","los r<ed>os",66.3749160952264
"LATIN AMER. & CARIB","pm25","magallanes and chilean antarctica",70.3008155288929
"LATIN AMER. & CARIB","pm25","maule",65.2772592736596
"LATIN AMER. & CARIB","pm25","santiago metropolitan region",66.3692011340492
"LATIN AMER. & CARIB","pm25","valpara<ed>so",64.8028994579951
"LATIN AMER. & CARIB","pm25","antioquia",87.4934526711942
"LATIN AMER. & CARIB","pm25","bogota",86.4067300330364
"LATIN AMER. & CARIB","pm25","cr",74.790592458399
"LATIN AMER. & CARIB","so2","antofagasta",51.8666762429766
"LATIN AMER. & CARIB","so2","atacama",53.6937333304594
"LATIN AMER. & CARIB","so2","ays<e9>n",56.1006620113697
"LATIN AMER. & CARIB","so2","bio bio",51.6001795000001
"LATIN AMER. & CARIB","so2","cl",53.7437965334734
"LATIN AMER. & CARIB","so2","los r<ed>os",53.8584205040049
"LATIN AMER. & CARIB","so2","santiago metropolitan region",53.8527055428277
"LATIN AMER. & CARIB","so2","valpara<ed>so",52.2864038667737
"LATIN AMER. & CARIB","so2","antioquia",74.9769570799728
